account_name,datetime,transaction_id,provider_name,client_name,currency,credit,debit,commission,description
Best Company_EUR,2023-01-02 00:00:00,1_Best Company_EUR,Gold Fix,,EUR,0.0,87.0,0.0,Monthly withdrawl according conditions. Period 2022-12
Best Company_EUR,2023-01-02 00:03:00,2_Best Company_EUR,Gold Fix,Mega Trade,EUR,4200.0,0.0,0.0,"INVOICE: deposit, Mega Trade to EUR"
Best Company_EUR,2023-01-02 00:05:00,3_Best Company_EUR,Gold Fix,Mega Trade,EUR,0.0,4200.0,58.800000000000004,"INVOICE: deposit, Mega Trade to EUR"
Best Company_EUR,2023-01-02 00:04:00,4_Best Company_EUR,Gold Fix,Proxima LTD,EUR,4200.0,0.0,0.0,"INVOICE: deposit, Proxima LTD to EUR"
Best Company_EUR,2023-01-02 00:06:00,5_Best Company_EUR,Gold Fix,Proxima LTD,EUR,0.0,4200.0,58.800000000000004,"INVOICE: deposit, Proxima LTD to EUR"
Best Company_EUR,2023-01-03 13:08:00,6_Best Company_EUR,Gold Fix,Mega Trade,EUR,8000.0,0.0,0.0,"INVOICE: deposit, Mega Trade to EUR"
Best Company_EUR,2023-01-03 13:10:00,7_Best Company_EUR,Gold Fix,Mega Trade,EUR,0.0,8000.0,112.0,"INVOICE: deposit, Mega Trade to EUR"
Best Company_EUR,2023-01-04 05:33:00,8_Best Company_EUR,Gold Fix,Super Trader,EUR,4800.0,0.0,0.0,"INVOICE: deposit, Super Trader to EUR"
Best Company_EUR,2023-01-04 05:35:00,9_Best Company_EUR,Gold Fix,Super Trader,EUR,0.0,4800.0,67.2,"INVOICE: deposit, Super Trader to EUR"
Best Company_EUR,2023-01-04 16:29:00,10_Best Company_EUR,Gold Fix,Proxima LTD,EUR,8000.0,0.0,0.0,"INVOICE: deposit, Proxima LTD to EUR"
Best Company_EUR,2023-01-04 16:31:00,11_Best Company_EUR,Gold Fix,Proxima LTD,EUR,0.0,8000.0,112.0,"INVOICE: deposit, Proxima LTD to EUR"
Best Company_EUR,2023-01-06 12:58:00,12_Best Company_EUR,Gold Fix,Mega Trade,EUR,4800.0,0.0,0.0,"INVOICE: deposit, Mega Trade to EUR"
Best Company_EUR,2023-01-06 13:00:00,13_Best Company_EUR,Gold Fix,Mega Trade,EUR,0.0,4800.0,67.2,"INVOICE: deposit, Mega Trade to EUR"
Best Company_EUR,2023-01-06 19:40:00,14_Best Company_EUR,Gold Fix,Super Trader,EUR,4200.0,0.0,0.0,"INVOICE: deposit, Super Trader to EUR"
Best Company_EUR,2023-01-06 19:42:00,15_Best Company_EUR,Gold Fix,Super Trader,EUR,0.0,4200.0,58.800000000000004,"INVOICE: deposit, Super Trader to EUR"
Best Company_EUR,2023-01-07 07:10:00,16_Best Company_EUR,Gold Fix,Mega Trade,EUR,4200.0,0.0,0.0,"INVOICE: deposit, Mega Trade to EUR"
Best Company_EUR,2023-01-07 07:12:00,17_Best Company_EUR,Gold Fix,Mega Trade,EUR,0.0,4200.0,58.800000000000004,"INVOICE: deposit, Mega Trade to EUR"
Best Company_EUR,2023-01-09 07:00:00,18_Best Company_EUR,Gold Fix,Proxima LTD,EUR,3000.0,0.0,0.0,"INVOICE: deposit, Proxima LTD to EUR"
Best Company_EUR,2023-01-09 07:02:00,19_Best Company_EUR,Gold Fix,Proxima LTD,EUR,0.0,3000.0,42.0,"INVOICE: deposit, Proxima LTD to EUR"
Best Company_EUR,2023-01-10 03:09:00,20_Best Company_EUR,Gold Fix,Super Trader,EUR,7200.0,0.0,0.0,"INVOICE: deposit, Super Trader to EUR"
Best Company_EUR,2023-01-10 03:11:00,21_Best Company_EUR,Gold Fix,Super Trader,EUR,0.0,7200.0,100.8,"INVOICE: deposit, Super Trader to EUR"
Best Company_EUR,2023-01-10 16:21:00,22_Best Company_EUR,Gold Fix,Proxima LTD,EUR,5400.0,0.0,0.0,"INVOICE: deposit, Proxima LTD to EUR"
Best Company_EUR,2023-01-10 16:23:00,23_Best Company_EUR,Gold Fix,Proxima LTD,EUR,0.0,5400.0,75.60000000000001,"INVOICE: deposit, Proxima LTD to EUR"
Best Company_EUR,2023-01-12 12:59:00,24_Best Company_EUR,Gold Fix,Mega Trade,EUR,4200.0,0.0,0.0,"INVOICE: deposit, Mega Trade to EUR"
Best Company_EUR,2023-01-12 13:01:00,25_Best Company_EUR,Gold Fix,Mega Trade,EUR,0.0,4200.0,58.800000000000004,"INVOICE: deposit, Mega Trade to EUR"
Best Company_EUR,2023-01-12 13:13:00,26_Best Company_EUR,Gold Fix,Proxima LTD,EUR,7000.0,0.0,0.0,"INVOICE: deposit, Proxima LTD to EUR"
Best Company_EUR,2023-01-12 13:15:00,27_Best Company_EUR,Gold Fix,Proxima LTD,EUR,0.0,7000.0,98.0,"INVOICE: deposit, Proxima LTD to EUR"
Best Company_EUR,2023-01-14 02:48:00,28_Best Company_EUR,Gold Fix,Mega Trade,EUR,4800.0,0.0,0.0,"INVOICE: deposit, Mega Trade to EUR"
Best Company_EUR,2023-01-14 02:50:00,29_Best Company_EUR,Gold Fix,Mega Trade,EUR,0.0,4800.0,67.2,"INVOICE: deposit, Mega Trade to EUR"
Best Company_EUR,2023-01-15 01:55:00,30_Best Company_EUR,Gold Fix,Proxima LTD,EUR,6000.0,0.0,0.0,"INVOICE: deposit, Proxima LTD to EUR"
Best Company_EUR,2023-01-15 01:57:00,31_Best Company_EUR,Gold Fix,Proxima LTD,EUR,0.0,6000.0,84.0,"INVOICE: deposit, Proxima LTD to EUR"
Best Company_EUR,2023-01-16 18:02:00,32_Best Company_EUR,Gold Fix,Mega Trade,EUR,6400.0,0.0,0.0,"INVOICE: deposit, Mega Trade to EUR"
Best Company_EUR,2023-01-16 18:04:00,33_Best Company_EUR,Gold Fix,Mega Trade,EUR,0.0,6400.0,89.60000000000001,"INVOICE: deposit, Mega Trade to EUR"
Best Company_EUR,2023-01-18 19:33:00,34_Best Company_EUR,Gold Fix,Proxima LTD,EUR,4000.0,0.0,0.0,"INVOICE: deposit, Proxima LTD to EUR"
Best Company_EUR,2023-01-18 19:35:00,35_Best Company_EUR,Gold Fix,Proxima LTD,EUR,0.0,4000.0,56.0,"INVOICE: deposit, Proxima LTD to EUR"
Best Company_EUR,2023-01-21 00:51:00,36_Best Company_EUR,Gold Fix,Mega Trade,EUR,3000.0,0.0,0.0,"INVOICE: deposit, Mega Trade to EUR"
Best Company_EUR,2023-01-21 00:53:00,37_Best Company_EUR,Gold Fix,Mega Trade,EUR,0.0,3000.0,42.0,"INVOICE: deposit, Mega Trade to EUR"
Best Company_EUR,2023-01-21 04:08:00,38_Best Company_EUR,Gold Fix,Proxima LTD,EUR,4800.0,0.0,0.0,"INVOICE: deposit, Proxima LTD to EUR"
Best Company_EUR,2023-01-21 04:10:00,39_Best Company_EUR,Gold Fix,Proxima LTD,EUR,0.0,4800.0,67.2,"INVOICE: deposit, Proxima LTD to EUR"
Best Company_EUR,2023-01-21 21:58:00,40_Best Company_EUR,Gold Fix,Super Trader,EUR,4200.0,0.0,0.0,"INVOICE: deposit, Super Trader to EUR"
Best Company_EUR,2023-01-21 22:00:00,41_Best Company_EUR,Gold Fix,Super Trader,EUR,0.0,4200.0,58.800000000000004,"INVOICE: deposit, Super Trader to EUR"
Best Company_EUR,2023-01-22 17:37:00,42_Best Company_EUR,Gold Fix,Proxima LTD,EUR,7000.0,0.0,0.0,"INVOICE: deposit, Proxima LTD to EUR"
Best Company_EUR,2023-01-22 17:39:00,43_Best Company_EUR,Gold Fix,Proxima LTD,EUR,0.0,7000.0,98.0,"INVOICE: deposit, Proxima LTD to EUR"
Best Company_EUR,2023-01-23 07:06:00,44_Best Company_EUR,Gold Fix,Mega Trade,EUR,7200.0,0.0,0.0,"INVOICE: deposit, Mega Trade to EUR"
Best Company_EUR,2023-01-23 07:08:00,45_Best Company_EUR,Gold Fix,Mega Trade,EUR,0.0,7200.0,100.8,"INVOICE: deposit, Mega Trade to EUR"
Best Company_EUR,2023-01-25 11:46:00,46_Best Company_EUR,Gold Fix,Super Trader,EUR,5600.0,0.0,0.0,"INVOICE: deposit, Super Trader to EUR"
Best Company_EUR,2023-01-25 11:48:00,47_Best Company_EUR,Gold Fix,Super Trader,EUR,0.0,5600.0,78.4,"INVOICE: deposit, Super Trader to EUR"
Best Company_EUR,2023-01-25 17:51:00,48_Best Company_EUR,Gold Fix,Mega Trade,EUR,4200.0,0.0,0.0,"INVOICE: deposit, Mega Trade to EUR"
Best Company_EUR,2023-01-25 17:53:00,49_Best Company_EUR,Gold Fix,Mega Trade,EUR,0.0,4200.0,58.800000000000004,"INVOICE: deposit, Mega Trade to EUR"
Best Company_EUR,2023-01-26 22:00:00,50_Best Company_EUR,Gold Fix,Proxima LTD,EUR,8000.0,0.0,0.0,"INVOICE: deposit, Proxima LTD to EUR"
Best Company_EUR,2023-01-26 22:02:00,51_Best Company_EUR,Gold Fix,Proxima LTD,EUR,0.0,8000.0,112.0,"INVOICE: deposit, Proxima LTD to EUR"
Best Company_EUR,2023-01-28 18:24:00,52_Best Company_EUR,Gold Fix,Mega Trade,EUR,5600.0,0.0,0.0,"INVOICE: deposit, Mega Trade to EUR"
Best Company_EUR,2023-01-28 18:26:00,53_Best Company_EUR,Gold Fix,Mega Trade,EUR,0.0,5600.0,78.4,"INVOICE: deposit, Mega Trade to EUR"
Best Company_EUR,2023-01-29 13:46:00,54_Best Company_EUR,Gold Fix,Super Trader,EUR,8000.0,0.0,0.0,"INVOICE: deposit, Super Trader to EUR"
Best Company_EUR,2023-01-29 13:48:00,55_Best Company_EUR,Gold Fix,Super Trader,EUR,0.0,8000.0,112.0,"INVOICE: deposit, Super Trader to EUR"
Best Company_EUR,2023-01-30 19:02:00,56_Best Company_EUR,Gold Fix,Mega Trade,EUR,6400.0,0.0,0.0,"INVOICE: deposit, Mega Trade to EUR"
Best Company_EUR,2023-01-30 19:04:00,57_Best Company_EUR,Gold Fix,Mega Trade,EUR,0.0,6400.0,89.60000000000001,"INVOICE: deposit, Mega Trade to EUR"
Best Company_EUR,2023-02-04 04:20:00,58_Best Company_EUR,Gold Fix,Mega Trade,EUR,4800.0,0.0,0.0,"INVOICE: deposit, Mega Trade to EUR"
Best Company_EUR,2023-02-04 04:22:00,59_Best Company_EUR,Gold Fix,Mega Trade,EUR,0.0,4800.0,67.2,"INVOICE: deposit, Mega Trade to EUR"
Best Company_EUR,2023-02-05 09:02:00,60_Best Company_EUR,Gold Fix,Proxima LTD,EUR,5400.0,0.0,0.0,"INVOICE: deposit, Proxima LTD to EUR"
Best Company_EUR,2023-02-05 09:04:00,61_Best Company_EUR,Gold Fix,Proxima LTD,EUR,0.0,5400.0,75.60000000000001,"INVOICE: deposit, Proxima LTD to EUR"
Best Company_EUR,2023-02-08 20:41:00,62_Best Company_EUR,Gold Fix,Mega Trade,EUR,4200.0,0.0,0.0,"INVOICE: deposit, Mega Trade to EUR"
Best Company_EUR,2023-02-08 20:43:00,63_Best Company_EUR,Gold Fix,Mega Trade,EUR,0.0,4200.0,58.800000000000004,"INVOICE: deposit, Mega Trade to EUR"
Best Company_EUR,2023-02-09 05:37:00,64_Best Company_EUR,Gold Fix,Super Trader,EUR,4800.0,0.0,0.0,"INVOICE: deposit, Super Trader to EUR"
Best Company_EUR,2023-02-09 05:39:00,65_Best Company_EUR,Gold Fix,Super Trader,EUR,0.0,4800.0,67.2,"INVOICE: deposit, Super Trader to EUR"
Best Company_EUR,2023-02-10 11:41:00,66_Best Company_EUR,Gold Fix,Super Trader,EUR,5400.0,0.0,0.0,"INVOICE: deposit, Super Trader to EUR"
Best Company_EUR,2023-02-10 11:43:00,67_Best Company_EUR,Gold Fix,Super Trader,EUR,0.0,5400.0,75.60000000000001,"INVOICE: deposit, Super Trader to EUR"
Best Company_EUR,2023-02-11 11:56:00,68_Best Company_EUR,Gold Fix,Proxima LTD,EUR,8000.0,0.0,0.0,"INVOICE: deposit, Proxima LTD to EUR"
Best Company_EUR,2023-02-11 11:58:00,69_Best Company_EUR,Gold Fix,Proxima LTD,EUR,0.0,8000.0,112.0,"INVOICE: deposit, Proxima LTD to EUR"
Best Company_EUR,2023-02-11 20:53:00,70_Best Company_EUR,Gold Fix,Mega Trade,EUR,7000.0,0.0,0.0,"INVOICE: deposit, Mega Trade to EUR"
Best Company_EUR,2023-02-11 20:55:00,71_Best Company_EUR,Gold Fix,Mega Trade,EUR,0.0,7000.0,98.0,"INVOICE: deposit, Mega Trade to EUR"
Best Company_EUR,2023-02-13 02:50:00,72_Best Company_EUR,Gold Fix,Mega Trade,EUR,7000.0,0.0,0.0,"INVOICE: deposit, Mega Trade to EUR"
Best Company_EUR,2023-02-13 02:52:00,73_Best Company_EUR,Gold Fix,Mega Trade,EUR,0.0,7000.0,98.0,"INVOICE: deposit, Mega Trade to EUR"
Best Company_EUR,2023-02-13 09:56:00,74_Best Company_EUR,Gold Fix,Proxima LTD,EUR,5600.0,0.0,0.0,"INVOICE: deposit, Proxima LTD to EUR"
Best Company_EUR,2023-02-13 09:58:00,75_Best Company_EUR,Gold Fix,Proxima LTD,EUR,0.0,5600.0,78.4,"INVOICE: deposit, Proxima LTD to EUR"
Best Company_EUR,2023-02-13 23:19:00,76_Best Company_EUR,Gold Fix,Super Trader,EUR,4200.0,0.0,0.0,"INVOICE: deposit, Super Trader to EUR"
Best Company_EUR,2023-02-13 23:21:00,77_Best Company_EUR,Gold Fix,Super Trader,EUR,0.0,4200.0,58.800000000000004,"INVOICE: deposit, Super Trader to EUR"
Best Company_EUR,2023-02-16 18:06:00,78_Best Company_EUR,Gold Fix,Mega Trade,EUR,6000.0,0.0,0.0,"INVOICE: deposit, Mega Trade to EUR"
Best Company_EUR,2023-02-16 18:08:00,79_Best Company_EUR,Gold Fix,Mega Trade,EUR,0.0,6000.0,84.0,"INVOICE: deposit, Mega Trade to EUR"
Best Company_EUR,2023-02-17 03:04:00,80_Best Company_EUR,Gold Fix,Super Trader,EUR,4900.0,0.0,0.0,"INVOICE: deposit, Super Trader to EUR"
Best Company_EUR,2023-02-17 03:06:00,81_Best Company_EUR,Gold Fix,Super Trader,EUR,0.0,4900.0,68.60000000000001,"INVOICE: deposit, Super Trader to EUR"
Best Company_EUR,2023-02-18 19:41:00,82_Best Company_EUR,Gold Fix,Super Trader,EUR,6400.0,0.0,0.0,"INVOICE: deposit, Super Trader to EUR"
Best Company_EUR,2023-02-18 19:43:00,83_Best Company_EUR,Gold Fix,Super Trader,EUR,0.0,6400.0,89.60000000000001,"INVOICE: deposit, Super Trader to EUR"
Best Company_EUR,2023-02-20 12:04:00,84_Best Company_EUR,Gold Fix,Super Trader,EUR,5400.0,0.0,0.0,"INVOICE: deposit, Super Trader to EUR"
Best Company_EUR,2023-02-20 12:06:00,85_Best Company_EUR,Gold Fix,Super Trader,EUR,0.0,5400.0,75.60000000000001,"INVOICE: deposit, Super Trader to EUR"
Best Company_EUR,2023-02-22 09:27:00,86_Best Company_EUR,Gold Fix,Super Trader,EUR,4200.0,0.0,0.0,"INVOICE: deposit, Super Trader to EUR"
Best Company_EUR,2023-02-22 09:29:00,87_Best Company_EUR,Gold Fix,Super Trader,EUR,0.0,4200.0,58.800000000000004,"INVOICE: deposit, Super Trader to EUR"
Best Company_EUR,2023-02-22 21:09:00,88_Best Company_EUR,Gold Fix,Mega Trade,EUR,3500.0,0.0,0.0,"INVOICE: deposit, Mega Trade to EUR"
Best Company_EUR,2023-02-22 21:11:00,89_Best Company_EUR,Gold Fix,Mega Trade,EUR,0.0,3500.0,49.0,"INVOICE: deposit, Mega Trade to EUR"
Best Company_EUR,2023-02-23 09:58:00,90_Best Company_EUR,Gold Fix,Super Trader,EUR,4800.0,0.0,0.0,"INVOICE: deposit, Super Trader to EUR"
Best Company_EUR,2023-02-23 10:00:00,91_Best Company_EUR,Gold Fix,Super Trader,EUR,0.0,4800.0,67.2,"INVOICE: deposit, Super Trader to EUR"
Best Company_EUR,2023-02-24 02:38:00,92_Best Company_EUR,Gold Fix,Mega Trade,EUR,3000.0,0.0,0.0,"INVOICE: deposit, Mega Trade to EUR"
Best Company_EUR,2023-02-24 02:40:00,93_Best Company_EUR,Gold Fix,Mega Trade,EUR,0.0,3000.0,42.0,"INVOICE: deposit, Mega Trade to EUR"
Best Company_EUR,2023-02-24 22:53:00,94_Best Company_EUR,Gold Fix,Mega Trade,EUR,4800.0,0.0,0.0,"INVOICE: deposit, Mega Trade to EUR"
Best Company_EUR,2023-02-24 22:55:00,95_Best Company_EUR,Gold Fix,Mega Trade,EUR,0.0,4800.0,67.2,"INVOICE: deposit, Mega Trade to EUR"
Best Company_EUR,2023-02-25 01:04:00,96_Best Company_EUR,Gold Fix,Super Trader,EUR,4800.0,0.0,0.0,"INVOICE: deposit, Super Trader to EUR"
Best Company_EUR,2023-02-25 01:06:00,97_Best Company_EUR,Gold Fix,Super Trader,EUR,0.0,4800.0,67.2,"INVOICE: deposit, Super Trader to EUR"
Best Company_EUR,2023-02-26 19:03:00,98_Best Company_EUR,Gold Fix,Super Trader,EUR,5600.0,0.0,0.0,"INVOICE: deposit, Super Trader to EUR"
Best Company_EUR,2023-02-26 19:05:00,99_Best Company_EUR,Gold Fix,Super Trader,EUR,0.0,5600.0,78.4,"INVOICE: deposit, Super Trader to EUR"
Best Company_EUR,2023-02-26 19:00:00,100_Best Company_EUR,Gold Fix,Proxima LTD,EUR,3600.0,0.0,0.0,"INVOICE: deposit, Proxima LTD to EUR"
Best Company_EUR,2023-02-26 19:02:00,101_Best Company_EUR,Gold Fix,Proxima LTD,EUR,0.0,3600.0,50.4,"INVOICE: deposit, Proxima LTD to EUR"
Best Company_EUR,2023-03-01 04:11:00,102_Best Company_EUR,Gold Fix,Super Trader,EUR,4000.0,0.0,0.0,"INVOICE: deposit, Super Trader to EUR"
Best Company_EUR,2023-03-01 04:13:00,103_Best Company_EUR,Gold Fix,Super Trader,EUR,0.0,4000.0,56.0,"INVOICE: deposit, Super Trader to EUR"
Best Company_EUR,2023-03-01 04:17:00,104_Best Company_EUR,Gold Fix,Proxima LTD,EUR,4200.0,0.0,0.0,"INVOICE: deposit, Proxima LTD to EUR"
Best Company_EUR,2023-03-01 04:19:00,105_Best Company_EUR,Gold Fix,Proxima LTD,EUR,0.0,4200.0,58.800000000000004,"INVOICE: deposit, Proxima LTD to EUR"
Best Company_EUR,2023-03-02 05:36:00,106_Best Company_EUR,Gold Fix,Proxima LTD,EUR,6400.0,0.0,0.0,"INVOICE: deposit, Proxima LTD to EUR"
Best Company_EUR,2023-03-02 05:38:00,107_Best Company_EUR,Gold Fix,Proxima LTD,EUR,0.0,6400.0,89.60000000000001,"INVOICE: deposit, Proxima LTD to EUR"
Best Company_EUR,2023-03-02 22:30:00,108_Best Company_EUR,Gold Fix,Super Trader,EUR,8000.0,0.0,0.0,"INVOICE: deposit, Super Trader to EUR"
Best Company_EUR,2023-03-02 22:32:00,109_Best Company_EUR,Gold Fix,Super Trader,EUR,0.0,8000.0,112.0,"INVOICE: deposit, Super Trader to EUR"
Best Company_EUR,2023-03-05 21:39:00,110_Best Company_EUR,Gold Fix,Mega Trade,EUR,4800.0,0.0,0.0,"INVOICE: deposit, Mega Trade to EUR"
Best Company_EUR,2023-03-05 21:41:00,111_Best Company_EUR,Gold Fix,Mega Trade,EUR,0.0,4800.0,67.2,"INVOICE: deposit, Mega Trade to EUR"
Best Company_EUR,2023-03-06 01:36:00,112_Best Company_EUR,Gold Fix,Super Trader,EUR,8000.0,0.0,0.0,"INVOICE: deposit, Super Trader to EUR"
Best Company_EUR,2023-03-06 01:38:00,113_Best Company_EUR,Gold Fix,Super Trader,EUR,0.0,8000.0,112.0,"INVOICE: deposit, Super Trader to EUR"
Best Company_EUR,2023-03-06 14:18:00,114_Best Company_EUR,Gold Fix,Proxima LTD,EUR,3500.0,0.0,0.0,"INVOICE: deposit, Proxima LTD to EUR"
Best Company_EUR,2023-03-06 14:20:00,115_Best Company_EUR,Gold Fix,Proxima LTD,EUR,0.0,3500.0,49.0,"INVOICE: deposit, Proxima LTD to EUR"
Best Company_EUR,2023-03-07 10:26:00,116_Best Company_EUR,Gold Fix,Mega Trade,EUR,5400.0,0.0,0.0,"INVOICE: deposit, Mega Trade to EUR"
Best Company_EUR,2023-03-07 10:28:00,117_Best Company_EUR,Gold Fix,Mega Trade,EUR,0.0,5400.0,75.60000000000001,"INVOICE: deposit, Mega Trade to EUR"
Best Company_EUR,2023-03-08 10:03:00,118_Best Company_EUR,Gold Fix,Proxima LTD,EUR,7000.0,0.0,0.0,"INVOICE: deposit, Proxima LTD to EUR"
Best Company_EUR,2023-03-08 10:05:00,119_Best Company_EUR,Gold Fix,Proxima LTD,EUR,0.0,7000.0,98.0,"INVOICE: deposit, Proxima LTD to EUR"
Best Company_EUR,2023-03-09 20:45:00,120_Best Company_EUR,Gold Fix,Mega Trade,EUR,6400.0,0.0,0.0,"INVOICE: deposit, Mega Trade to EUR"
Best Company_EUR,2023-03-09 20:47:00,121_Best Company_EUR,Gold Fix,Mega Trade,EUR,0.0,6400.0,89.60000000000001,"INVOICE: deposit, Mega Trade to EUR"
Best Company_EUR,2023-03-10 13:35:00,122_Best Company_EUR,Gold Fix,Super Trader,EUR,7200.0,0.0,0.0,"INVOICE: deposit, Super Trader to EUR"
Best Company_EUR,2023-03-10 13:37:00,123_Best Company_EUR,Gold Fix,Super Trader,EUR,0.0,7200.0,100.8,"INVOICE: deposit, Super Trader to EUR"
Best Company_EUR,2023-03-12 00:45:00,124_Best Company_EUR,Gold Fix,Proxima LTD,EUR,6400.0,0.0,0.0,"INVOICE: deposit, Proxima LTD to EUR"
Best Company_EUR,2023-03-12 00:47:00,125_Best Company_EUR,Gold Fix,Proxima LTD,EUR,0.0,6400.0,89.60000000000001,"INVOICE: deposit, Proxima LTD to EUR"
Best Company_EUR,2023-03-13 07:56:00,126_Best Company_EUR,Gold Fix,Mega Trade,EUR,5400.0,0.0,0.0,"INVOICE: deposit, Mega Trade to EUR"
Best Company_EUR,2023-03-13 07:58:00,127_Best Company_EUR,Gold Fix,Mega Trade,EUR,0.0,5400.0,75.60000000000001,"INVOICE: deposit, Mega Trade to EUR"
Best Company_EUR,2023-03-13 20:58:00,128_Best Company_EUR,Gold Fix,Super Trader,EUR,3000.0,0.0,0.0,"INVOICE: deposit, Super Trader to EUR"
Best Company_EUR,2023-03-13 21:00:00,129_Best Company_EUR,Gold Fix,Super Trader,EUR,0.0,3000.0,42.0,"INVOICE: deposit, Super Trader to EUR"
Best Company_EUR,2023-03-15 04:28:00,130_Best Company_EUR,Gold Fix,Mega Trade,EUR,8000.0,0.0,0.0,"INVOICE: deposit, Mega Trade to EUR"
Best Company_EUR,2023-03-15 04:30:00,131_Best Company_EUR,Gold Fix,Mega Trade,EUR,0.0,8000.0,112.0,"INVOICE: deposit, Mega Trade to EUR"
Best Company_EUR,2023-03-18 12:33:00,132_Best Company_EUR,Gold Fix,Proxima LTD,EUR,4000.0,0.0,0.0,"INVOICE: deposit, Proxima LTD to EUR"
Best Company_EUR,2023-03-18 12:35:00,133_Best Company_EUR,Gold Fix,Proxima LTD,EUR,0.0,4000.0,56.0,"INVOICE: deposit, Proxima LTD to EUR"
Best Company_EUR,2023-03-19 00:39:00,134_Best Company_EUR,Gold Fix,Super Trader,EUR,4800.0,0.0,0.0,"INVOICE: deposit, Super Trader to EUR"
Best Company_EUR,2023-03-19 00:41:00,135_Best Company_EUR,Gold Fix,Super Trader,EUR,0.0,4800.0,67.2,"INVOICE: deposit, Super Trader to EUR"
Best Company_EUR,2023-03-19 09:06:00,136_Best Company_EUR,Gold Fix,Proxima LTD,EUR,4200.0,0.0,0.0,"INVOICE: deposit, Proxima LTD to EUR"
Best Company_EUR,2023-03-19 09:08:00,137_Best Company_EUR,Gold Fix,Proxima LTD,EUR,0.0,4200.0,58.800000000000004,"INVOICE: deposit, Proxima LTD to EUR"
Best Company_EUR,2023-03-19 12:13:00,138_Best Company_EUR,Gold Fix,Mega Trade,EUR,4900.0,0.0,0.0,"INVOICE: deposit, Mega Trade to EUR"
Best Company_EUR,2023-03-19 12:15:00,139_Best Company_EUR,Gold Fix,Mega Trade,EUR,0.0,4900.0,68.60000000000001,"INVOICE: deposit, Mega Trade to EUR"
Best Company_EUR,2023-03-20 18:07:00,140_Best Company_EUR,Gold Fix,Super Trader,EUR,4800.0,0.0,0.0,"INVOICE: deposit, Super Trader to EUR"
Best Company_EUR,2023-03-20 18:09:00,141_Best Company_EUR,Gold Fix,Super Trader,EUR,0.0,4800.0,67.2,"INVOICE: deposit, Super Trader to EUR"
Best Company_EUR,2023-03-20 18:02:00,142_Best Company_EUR,Gold Fix,Proxima LTD,EUR,7200.0,0.0,0.0,"INVOICE: deposit, Proxima LTD to EUR"
Best Company_EUR,2023-03-20 18:04:00,143_Best Company_EUR,Gold Fix,Proxima LTD,EUR,0.0,7200.0,100.8,"INVOICE: deposit, Proxima LTD to EUR"
Best Company_EUR,2023-03-22 04:13:00,144_Best Company_EUR,Gold Fix,Super Trader,EUR,8000.0,0.0,0.0,"INVOICE: deposit, Super Trader to EUR"
Best Company_EUR,2023-03-22 04:15:00,145_Best Company_EUR,Gold Fix,Super Trader,EUR,0.0,8000.0,112.0,"INVOICE: deposit, Super Trader to EUR"
Best Company_EUR,2023-03-22 21:44:00,146_Best Company_EUR,Gold Fix,Proxima LTD,EUR,6000.0,0.0,0.0,"INVOICE: deposit, Proxima LTD to EUR"
Best Company_EUR,2023-03-22 21:46:00,147_Best Company_EUR,Gold Fix,Proxima LTD,EUR,0.0,6000.0,84.0,"INVOICE: deposit, Proxima LTD to EUR"
Best Company_EUR,2023-03-23 12:23:00,148_Best Company_EUR,Gold Fix,Mega Trade,EUR,4800.0,0.0,0.0,"INVOICE: deposit, Mega Trade to EUR"
Best Company_EUR,2023-03-23 12:25:00,149_Best Company_EUR,Gold Fix,Mega Trade,EUR,0.0,4800.0,67.2,"INVOICE: deposit, Mega Trade to EUR"
Best Company_EUR,2023-03-24 03:19:00,150_Best Company_EUR,Gold Fix,Super Trader,EUR,6300.0,0.0,0.0,"INVOICE: deposit, Super Trader to EUR"
Best Company_EUR,2023-03-24 03:21:00,151_Best Company_EUR,Gold Fix,Super Trader,EUR,0.0,6300.0,88.2,"INVOICE: deposit, Super Trader to EUR"
Best Company_EUR,2023-03-25 09:48:00,152_Best Company_EUR,Gold Fix,Mega Trade,EUR,8000.0,0.0,0.0,"INVOICE: deposit, Mega Trade to EUR"
Best Company_EUR,2023-03-25 09:50:00,153_Best Company_EUR,Gold Fix,Mega Trade,EUR,0.0,8000.0,112.0,"INVOICE: deposit, Mega Trade to EUR"
Best Company_EUR,2023-03-25 19:49:00,154_Best Company_EUR,Gold Fix,Super Trader,EUR,5400.0,0.0,0.0,"INVOICE: deposit, Super Trader to EUR"
Best Company_EUR,2023-03-25 19:51:00,155_Best Company_EUR,Gold Fix,Super Trader,EUR,0.0,5400.0,75.60000000000001,"INVOICE: deposit, Super Trader to EUR"
Best Company_EUR,2023-03-28 02:41:00,156_Best Company_EUR,Gold Fix,Proxima LTD,EUR,4800.0,0.0,0.0,"INVOICE: deposit, Proxima LTD to EUR"
Best Company_EUR,2023-03-28 02:43:00,157_Best Company_EUR,Gold Fix,Proxima LTD,EUR,0.0,4800.0,67.2,"INVOICE: deposit, Proxima LTD to EUR"
Best Company_EUR,2023-03-29 14:12:00,158_Best Company_EUR,Gold Fix,Mega Trade,EUR,4800.0,0.0,0.0,"INVOICE: deposit, Mega Trade to EUR"
Best Company_EUR,2023-03-29 14:14:00,159_Best Company_EUR,Gold Fix,Mega Trade,EUR,0.0,4800.0,67.2,"INVOICE: deposit, Mega Trade to EUR"
Best Company_EUR,2023-03-29 20:12:00,160_Best Company_EUR,Gold Fix,Super Trader,EUR,6400.0,0.0,0.0,"INVOICE: deposit, Super Trader to EUR"
Best Company_EUR,2023-03-29 20:14:00,161_Best Company_EUR,Gold Fix,Super Trader,EUR,0.0,6400.0,89.60000000000001,"INVOICE: deposit, Super Trader to EUR"
Best Company_EUR,2023-03-30 04:51:00,162_Best Company_EUR,Gold Fix,Proxima LTD,EUR,3600.0,0.0,0.0,"INVOICE: deposit, Proxima LTD to EUR"
Best Company_EUR,2023-03-30 04:53:00,163_Best Company_EUR,Gold Fix,Proxima LTD,EUR,0.0,3600.0,50.4,"INVOICE: deposit, Proxima LTD to EUR"
Best Company_USD,2023-01-02 00:00:00,1_Best Company_USD,Gold Fix,,USD,0.0,110.0,0.0,Monthly withdrawl according conditions. Period 2022-12
Best Company_USD,2023-01-02 02:11:00,2_Best Company_USD,Gold Fix,Mega Trade,USD,6300.0,0.0,0.0,"INVOICE: deposit, Mega Trade to USD"
Best Company_USD,2023-01-02 02:13:00,3_Best Company_USD,Gold Fix,Mega Trade,USD,0.0,6300.0,100.8,"INVOICE: deposit, Mega Trade to USD"
Best Company_USD,2023-01-05 03:59:00,4_Best Company_USD,Gold Fix,Mega Trade,USD,5400.0,0.0,0.0,"INVOICE: deposit, Mega Trade to USD"
Best Company_USD,2023-01-05 04:01:00,5_Best Company_USD,Gold Fix,Mega Trade,USD,0.0,5400.0,86.4,"INVOICE: deposit, Mega Trade to USD"
Best Company_USD,2023-01-05 03:56:00,6_Best Company_USD,Gold Fix,Super Trader,USD,6300.0,0.0,0.0,"INVOICE: deposit, Super Trader to USD"
Best Company_USD,2023-01-05 03:58:00,7_Best Company_USD,Gold Fix,Super Trader,USD,0.0,6300.0,100.8,"INVOICE: deposit, Super Trader to USD"
Best Company_USD,2023-01-07 07:05:00,8_Best Company_USD,Gold Fix,Super Trader,USD,4800.0,0.0,0.0,"INVOICE: deposit, Super Trader to USD"
Best Company_USD,2023-01-07 07:07:00,9_Best Company_USD,Gold Fix,Super Trader,USD,0.0,4800.0,76.8,"INVOICE: deposit, Super Trader to USD"
Best Company_USD,2023-01-07 17:08:00,10_Best Company_USD,Gold Fix,Mega Trade,USD,5600.0,0.0,0.0,"INVOICE: deposit, Mega Trade to USD"
Best Company_USD,2023-01-07 17:10:00,11_Best Company_USD,Gold Fix,Mega Trade,USD,0.0,5600.0,89.60000000000001,"INVOICE: deposit, Mega Trade to USD"
Best Company_USD,2023-01-09 04:56:00,12_Best Company_USD,Gold Fix,Proxima LTD,USD,4200.0,0.0,0.0,"INVOICE: deposit, Proxima LTD to USD"
Best Company_USD,2023-01-09 04:58:00,13_Best Company_USD,Gold Fix,Proxima LTD,USD,0.0,4200.0,67.2,"INVOICE: deposit, Proxima LTD to USD"
Best Company_USD,2023-01-12 06:05:00,14_Best Company_USD,Gold Fix,Super Trader,USD,7200.0,0.0,0.0,"INVOICE: deposit, Super Trader to USD"
Best Company_USD,2023-01-12 06:07:00,15_Best Company_USD,Gold Fix,Super Trader,USD,0.0,7200.0,115.2,"INVOICE: deposit, Super Trader to USD"
Best Company_USD,2023-01-12 09:04:00,16_Best Company_USD,Gold Fix,Mega Trade,USD,3600.0,0.0,0.0,"INVOICE: deposit, Mega Trade to USD"
Best Company_USD,2023-01-12 09:06:00,17_Best Company_USD,Gold Fix,Mega Trade,USD,0.0,3600.0,57.6,"INVOICE: deposit, Mega Trade to USD"
Best Company_USD,2023-01-13 09:44:00,18_Best Company_USD,Gold Fix,Proxima LTD,USD,4900.0,0.0,0.0,"INVOICE: deposit, Proxima LTD to USD"
Best Company_USD,2023-01-13 09:46:00,19_Best Company_USD,Gold Fix,Proxima LTD,USD,0.0,4900.0,78.4,"INVOICE: deposit, Proxima LTD to USD"
Best Company_USD,2023-01-13 20:50:00,20_Best Company_USD,Gold Fix,Mega Trade,USD,7000.0,0.0,0.0,"INVOICE: deposit, Mega Trade to USD"
Best Company_USD,2023-01-13 20:52:00,21_Best Company_USD,Gold Fix,Mega Trade,USD,0.0,7000.0,112.0,"INVOICE: deposit, Mega Trade to USD"
Best Company_USD,2023-01-14 16:33:00,22_Best Company_USD,Gold Fix,Super Trader,USD,3600.0,0.0,0.0,"INVOICE: deposit, Super Trader to USD"
Best Company_USD,2023-01-14 16:35:00,23_Best Company_USD,Gold Fix,Super Trader,USD,0.0,3600.0,57.6,"INVOICE: deposit, Super Trader to USD"
Best Company_USD,2023-01-15 06:06:00,24_Best Company_USD,Gold Fix,Proxima LTD,USD,3500.0,0.0,0.0,"INVOICE: deposit, Proxima LTD to USD"
Best Company_USD,2023-01-15 06:08:00,25_Best Company_USD,Gold Fix,Proxima LTD,USD,0.0,3500.0,56.0,"INVOICE: deposit, Proxima LTD to USD"
Best Company_USD,2023-01-19 12:34:00,26_Best Company_USD,Gold Fix,Super Trader,USD,5600.0,0.0,0.0,"INVOICE: deposit, Super Trader to USD"
Best Company_USD,2023-01-19 12:36:00,27_Best Company_USD,Gold Fix,Super Trader,USD,0.0,5600.0,89.60000000000001,"INVOICE: deposit, Super Trader to USD"
Best Company_USD,2023-01-19 17:51:00,28_Best Company_USD,Gold Fix,Mega Trade,USD,7200.0,0.0,0.0,"INVOICE: deposit, Mega Trade to USD"
Best Company_USD,2023-01-19 17:53:00,29_Best Company_USD,Gold Fix,Mega Trade,USD,0.0,7200.0,115.2,"INVOICE: deposit, Mega Trade to USD"
Best Company_USD,2023-01-21 23:49:00,30_Best Company_USD,Gold Fix,Super Trader,USD,7000.0,0.0,0.0,"INVOICE: deposit, Super Trader to USD"
Best Company_USD,2023-01-21 23:51:00,31_Best Company_USD,Gold Fix,Super Trader,USD,0.0,7000.0,112.0,"INVOICE: deposit, Super Trader to USD"
Best Company_USD,2023-01-22 07:12:00,32_Best Company_USD,Gold Fix,Proxima LTD,USD,5600.0,0.0,0.0,"INVOICE: deposit, Proxima LTD to USD"
Best Company_USD,2023-01-22 07:14:00,33_Best Company_USD,Gold Fix,Proxima LTD,USD,0.0,5600.0,89.60000000000001,"INVOICE: deposit, Proxima LTD to USD"
Best Company_USD,2023-01-22 19:34:00,34_Best Company_USD,Gold Fix,Mega Trade,USD,3600.0,0.0,0.0,"INVOICE: deposit, Mega Trade to USD"
Best Company_USD,2023-01-22 19:36:00,35_Best Company_USD,Gold Fix,Mega Trade,USD,0.0,3600.0,57.6,"INVOICE: deposit, Mega Trade to USD"
Best Company_USD,2023-01-23 15:48:00,36_Best Company_USD,Gold Fix,Super Trader,USD,6300.0,0.0,0.0,"INVOICE: deposit, Super Trader to USD"
Best Company_USD,2023-01-23 15:50:00,37_Best Company_USD,Gold Fix,Super Trader,USD,0.0,6300.0,100.8,"INVOICE: deposit, Super Trader to USD"
Best Company_USD,2023-01-25 11:53:00,38_Best Company_USD,Gold Fix,Proxima LTD,USD,6300.0,0.0,0.0,"INVOICE: deposit, Proxima LTD to USD"
Best Company_USD,2023-01-25 11:55:00,39_Best Company_USD,Gold Fix,Proxima LTD,USD,0.0,6300.0,100.8,"INVOICE: deposit, Proxima LTD to USD"
Best Company_USD,2023-01-27 11:20:00,40_Best Company_USD,Gold Fix,Super Trader,USD,5400.0,0.0,0.0,"INVOICE: deposit, Super Trader to USD"
Best Company_USD,2023-01-27 11:22:00,41_Best Company_USD,Gold Fix,Super Trader,USD,0.0,5400.0,86.4,"INVOICE: deposit, Super Trader to USD"
Best Company_USD,2023-01-28 04:22:00,42_Best Company_USD,Gold Fix,Mega Trade,USD,4800.0,0.0,0.0,"INVOICE: deposit, Mega Trade to USD"
Best Company_USD,2023-01-28 04:24:00,43_Best Company_USD,Gold Fix,Mega Trade,USD,0.0,4800.0,76.8,"INVOICE: deposit, Mega Trade to USD"
Best Company_USD,2023-01-28 04:24:00,44_Best Company_USD,Gold Fix,Proxima LTD,USD,5400.0,0.0,0.0,"INVOICE: deposit, Proxima LTD to USD"
Best Company_USD,2023-01-28 04:26:00,45_Best Company_USD,Gold Fix,Proxima LTD,USD,0.0,5400.0,86.4,"INVOICE: deposit, Proxima LTD to USD"
Best Company_USD,2023-01-28 18:28:00,46_Best Company_USD,Gold Fix,Super Trader,USD,6000.0,0.0,0.0,"INVOICE: deposit, Super Trader to USD"
Best Company_USD,2023-01-28 18:30:00,47_Best Company_USD,Gold Fix,Super Trader,USD,0.0,6000.0,96.0,"INVOICE: deposit, Super Trader to USD"
Best Company_USD,2023-01-30 13:03:00,48_Best Company_USD,Gold Fix,Mega Trade,USD,5600.0,0.0,0.0,"INVOICE: deposit, Mega Trade to USD"
Best Company_USD,2023-01-30 13:05:00,49_Best Company_USD,Gold Fix,Mega Trade,USD,0.0,5600.0,89.60000000000001,"INVOICE: deposit, Mega Trade to USD"
Best Company_USD,2023-01-31 03:11:00,50_Best Company_USD,Gold Fix,Super Trader,USD,4000.0,0.0,0.0,"INVOICE: deposit, Super Trader to USD"
Best Company_USD,2023-01-31 03:13:00,51_Best Company_USD,Gold Fix,Super Trader,USD,0.0,4000.0,64.0,"INVOICE: deposit, Super Trader to USD"
Best Company_USD,2023-01-31 12:56:00,52_Best Company_USD,Gold Fix,Proxima LTD,USD,4900.0,0.0,0.0,"INVOICE: deposit, Proxima LTD to USD"
Best Company_USD,2023-01-31 12:58:00,53_Best Company_USD,Gold Fix,Proxima LTD,USD,0.0,4900.0,78.4,"INVOICE: deposit, Proxima LTD to USD"
Best Company_USD,2023-02-01 05:25:00,54_Best Company_USD,Gold Fix,Mega Trade,USD,3500.0,0.0,0.0,"INVOICE: deposit, Mega Trade to USD"
Best Company_USD,2023-02-01 05:27:00,55_Best Company_USD,Gold Fix,Mega Trade,USD,0.0,3500.0,56.0,"INVOICE: deposit, Mega Trade to USD"
Best Company_USD,2023-02-02 06:05:00,56_Best Company_USD,Gold Fix,Mega Trade,USD,6400.0,0.0,0.0,"INVOICE: deposit, Mega Trade to USD"
Best Company_USD,2023-02-02 06:07:00,57_Best Company_USD,Gold Fix,Mega Trade,USD,0.0,6400.0,102.4,"INVOICE: deposit, Mega Trade to USD"
Best Company_USD,2023-02-03 02:36:00,58_Best Company_USD,Gold Fix,Proxima LTD,USD,3500.0,0.0,0.0,"INVOICE: deposit, Proxima LTD to USD"
Best Company_USD,2023-02-03 02:38:00,59_Best Company_USD,Gold Fix,Proxima LTD,USD,0.0,3500.0,56.0,"INVOICE: deposit, Proxima LTD to USD"
Best Company_USD,2023-02-03 14:31:00,60_Best Company_USD,Gold Fix,Super Trader,USD,4900.0,0.0,0.0,"INVOICE: deposit, Super Trader to USD"
Best Company_USD,2023-02-03 14:33:00,61_Best Company_USD,Gold Fix,Super Trader,USD,0.0,4900.0,78.4,"INVOICE: deposit, Super Trader to USD"
Best Company_USD,2023-02-03 16:34:00,62_Best Company_USD,Gold Fix,Proxima LTD,USD,5600.0,0.0,0.0,"INVOICE: deposit, Proxima LTD to USD"
Best Company_USD,2023-02-03 16:36:00,63_Best Company_USD,Gold Fix,Proxima LTD,USD,0.0,5600.0,89.60000000000001,"INVOICE: deposit, Proxima LTD to USD"
Best Company_USD,2023-02-05 03:15:00,64_Best Company_USD,Gold Fix,Super Trader,USD,4800.0,0.0,0.0,"INVOICE: deposit, Super Trader to USD"
Best Company_USD,2023-02-05 03:17:00,65_Best Company_USD,Gold Fix,Super Trader,USD,0.0,4800.0,76.8,"INVOICE: deposit, Super Trader to USD"
Best Company_USD,2023-02-05 13:02:00,66_Best Company_USD,Gold Fix,Proxima LTD,USD,4200.0,0.0,0.0,"INVOICE: deposit, Proxima LTD to USD"
Best Company_USD,2023-02-05 13:04:00,67_Best Company_USD,Gold Fix,Proxima LTD,USD,0.0,4200.0,67.2,"INVOICE: deposit, Proxima LTD to USD"
Best Company_USD,2023-02-06 08:58:00,68_Best Company_USD,Gold Fix,Super Trader,USD,8000.0,0.0,0.0,"INVOICE: deposit, Super Trader to USD"
Best Company_USD,2023-02-06 09:00:00,69_Best Company_USD,Gold Fix,Super Trader,USD,0.0,8000.0,128.0,"INVOICE: deposit, Super Trader to USD"
Best Company_USD,2023-02-06 19:08:00,70_Best Company_USD,Gold Fix,Mega Trade,USD,6300.0,0.0,0.0,"INVOICE: deposit, Mega Trade to USD"
Best Company_USD,2023-02-06 19:10:00,71_Best Company_USD,Gold Fix,Mega Trade,USD,0.0,6300.0,100.8,"INVOICE: deposit, Mega Trade to USD"
Best Company_USD,2023-02-08 03:35:00,72_Best Company_USD,Gold Fix,Mega Trade,USD,6400.0,0.0,0.0,"INVOICE: deposit, Mega Trade to USD"
Best Company_USD,2023-02-08 03:37:00,73_Best Company_USD,Gold Fix,Mega Trade,USD,0.0,6400.0,102.4,"INVOICE: deposit, Mega Trade to USD"
Best Company_USD,2023-02-08 16:50:00,74_Best Company_USD,Gold Fix,Super Trader,USD,4800.0,0.0,0.0,"INVOICE: deposit, Super Trader to USD"
Best Company_USD,2023-02-08 16:52:00,75_Best Company_USD,Gold Fix,Super Trader,USD,0.0,4800.0,76.8,"INVOICE: deposit, Super Trader to USD"
Best Company_USD,2023-02-11 10:10:00,76_Best Company_USD,Gold Fix,Super Trader,USD,5400.0,0.0,0.0,"INVOICE: deposit, Super Trader to USD"
Best Company_USD,2023-02-11 10:12:00,77_Best Company_USD,Gold Fix,Super Trader,USD,0.0,5400.0,86.4,"INVOICE: deposit, Super Trader to USD"
Best Company_USD,2023-02-12 11:22:00,78_Best Company_USD,Gold Fix,Super Trader,USD,6300.0,0.0,0.0,"INVOICE: deposit, Super Trader to USD"
Best Company_USD,2023-02-12 11:24:00,79_Best Company_USD,Gold Fix,Super Trader,USD,0.0,6300.0,100.8,"INVOICE: deposit, Super Trader to USD"
Best Company_USD,2023-02-15 23:23:00,80_Best Company_USD,Gold Fix,Super Trader,USD,7000.0,0.0,0.0,"INVOICE: deposit, Super Trader to USD"
Best Company_USD,2023-02-15 23:25:00,81_Best Company_USD,Gold Fix,Super Trader,USD,0.0,7000.0,112.0,"INVOICE: deposit, Super Trader to USD"
Best Company_USD,2023-02-17 20:45:00,82_Best Company_USD,Gold Fix,Mega Trade,USD,3500.0,0.0,0.0,"INVOICE: deposit, Mega Trade to USD"
Best Company_USD,2023-02-17 20:47:00,83_Best Company_USD,Gold Fix,Mega Trade,USD,0.0,3500.0,56.0,"INVOICE: deposit, Mega Trade to USD"
Best Company_USD,2023-02-19 11:09:00,84_Best Company_USD,Gold Fix,Mega Trade,USD,4900.0,0.0,0.0,"INVOICE: deposit, Mega Trade to USD"
Best Company_USD,2023-02-19 11:11:00,85_Best Company_USD,Gold Fix,Mega Trade,USD,0.0,4900.0,78.4,"INVOICE: deposit, Mega Trade to USD"
Best Company_USD,2023-02-20 06:16:00,86_Best Company_USD,Gold Fix,Proxima LTD,USD,7000.0,0.0,0.0,"INVOICE: deposit, Proxima LTD to USD"
Best Company_USD,2023-02-20 06:18:00,87_Best Company_USD,Gold Fix,Proxima LTD,USD,0.0,7000.0,112.0,"INVOICE: deposit, Proxima LTD to USD"
Best Company_USD,2023-02-20 14:59:00,88_Best Company_USD,Gold Fix,Super Trader,USD,8000.0,0.0,0.0,"INVOICE: deposit, Super Trader to USD"
Best Company_USD,2023-02-20 15:01:00,89_Best Company_USD,Gold Fix,Super Trader,USD,0.0,8000.0,128.0,"INVOICE: deposit, Super Trader to USD"
Best Company_USD,2023-02-22 12:22:00,90_Best Company_USD,Gold Fix,Proxima LTD,USD,5600.0,0.0,0.0,"INVOICE: deposit, Proxima LTD to USD"
Best Company_USD,2023-02-22 12:24:00,91_Best Company_USD,Gold Fix,Proxima LTD,USD,0.0,5600.0,89.60000000000001,"INVOICE: deposit, Proxima LTD to USD"
Best Company_USD,2023-02-22 18:19:00,92_Best Company_USD,Gold Fix,Mega Trade,USD,7000.0,0.0,0.0,"INVOICE: deposit, Mega Trade to USD"
Best Company_USD,2023-02-22 18:21:00,93_Best Company_USD,Gold Fix,Mega Trade,USD,0.0,7000.0,112.0,"INVOICE: deposit, Mega Trade to USD"
Best Company_USD,2023-02-23 06:55:00,94_Best Company_USD,Gold Fix,Super Trader,USD,4900.0,0.0,0.0,"INVOICE: deposit, Super Trader to USD"
Best Company_USD,2023-02-23 06:57:00,95_Best Company_USD,Gold Fix,Super Trader,USD,0.0,4900.0,78.4,"INVOICE: deposit, Super Trader to USD"
Best Company_USD,2023-02-26 01:29:00,96_Best Company_USD,Gold Fix,Proxima LTD,USD,6400.0,0.0,0.0,"INVOICE: deposit, Proxima LTD to USD"
Best Company_USD,2023-02-26 01:31:00,97_Best Company_USD,Gold Fix,Proxima LTD,USD,0.0,6400.0,102.4,"INVOICE: deposit, Proxima LTD to USD"
Best Company_USD,2023-02-26 11:20:00,98_Best Company_USD,Gold Fix,Super Trader,USD,6000.0,0.0,0.0,"INVOICE: deposit, Super Trader to USD"
Best Company_USD,2023-02-26 11:22:00,99_Best Company_USD,Gold Fix,Super Trader,USD,0.0,6000.0,96.0,"INVOICE: deposit, Super Trader to USD"
Best Company_USD,2023-03-03 17:33:00,100_Best Company_USD,Gold Fix,Super Trader,USD,3500.0,0.0,0.0,"INVOICE: deposit, Super Trader to USD"
Best Company_USD,2023-03-03 17:35:00,101_Best Company_USD,Gold Fix,Super Trader,USD,0.0,3500.0,56.0,"INVOICE: deposit, Super Trader to USD"
Best Company_USD,2023-03-04 16:14:00,102_Best Company_USD,Gold Fix,Super Trader,USD,6300.0,0.0,0.0,"INVOICE: deposit, Super Trader to USD"
Best Company_USD,2023-03-04 16:16:00,103_Best Company_USD,Gold Fix,Super Trader,USD,0.0,6300.0,100.8,"INVOICE: deposit, Super Trader to USD"
Best Company_USD,2023-03-06 01:43:00,104_Best Company_USD,Gold Fix,Proxima LTD,USD,4900.0,0.0,0.0,"INVOICE: deposit, Proxima LTD to USD"
Best Company_USD,2023-03-06 01:45:00,105_Best Company_USD,Gold Fix,Proxima LTD,USD,0.0,4900.0,78.4,"INVOICE: deposit, Proxima LTD to USD"
Best Company_USD,2023-03-07 04:21:00,106_Best Company_USD,Gold Fix,Proxima LTD,USD,7200.0,0.0,0.0,"INVOICE: deposit, Proxima LTD to USD"
Best Company_USD,2023-03-07 04:23:00,107_Best Company_USD,Gold Fix,Proxima LTD,USD,0.0,7200.0,115.2,"INVOICE: deposit, Proxima LTD to USD"
Best Company_USD,2023-03-08 22:44:00,108_Best Company_USD,Gold Fix,Mega Trade,USD,4800.0,0.0,0.0,"INVOICE: deposit, Mega Trade to USD"
Best Company_USD,2023-03-08 22:46:00,109_Best Company_USD,Gold Fix,Mega Trade,USD,0.0,4800.0,76.8,"INVOICE: deposit, Mega Trade to USD"
Best Company_USD,2023-03-10 17:35:00,110_Best Company_USD,Gold Fix,Mega Trade,USD,5600.0,0.0,0.0,"INVOICE: deposit, Mega Trade to USD"
Best Company_USD,2023-03-10 17:37:00,111_Best Company_USD,Gold Fix,Mega Trade,USD,0.0,5600.0,89.60000000000001,"INVOICE: deposit, Mega Trade to USD"
Best Company_USD,2023-03-10 17:29:00,112_Best Company_USD,Gold Fix,Super Trader,USD,6400.0,0.0,0.0,"INVOICE: deposit, Super Trader to USD"
Best Company_USD,2023-03-10 17:31:00,113_Best Company_USD,Gold Fix,Super Trader,USD,0.0,6400.0,102.4,"INVOICE: deposit, Super Trader to USD"
Best Company_USD,2023-03-11 03:08:00,114_Best Company_USD,Gold Fix,Proxima LTD,USD,4900.0,0.0,0.0,"INVOICE: deposit, Proxima LTD to USD"
Best Company_USD,2023-03-11 03:10:00,115_Best Company_USD,Gold Fix,Proxima LTD,USD,0.0,4900.0,78.4,"INVOICE: deposit, Proxima LTD to USD"
Best Company_USD,2023-03-12 15:41:00,116_Best Company_USD,Gold Fix,Super Trader,USD,3000.0,0.0,0.0,"INVOICE: deposit, Super Trader to USD"
Best Company_USD,2023-03-12 15:43:00,117_Best Company_USD,Gold Fix,Super Trader,USD,0.0,3000.0,48.0,"INVOICE: deposit, Super Trader to USD"
Best Company_USD,2023-03-13 02:47:00,118_Best Company_USD,Gold Fix,Proxima LTD,USD,5400.0,0.0,0.0,"INVOICE: deposit, Proxima LTD to USD"
Best Company_USD,2023-03-13 02:49:00,119_Best Company_USD,Gold Fix,Proxima LTD,USD,0.0,5400.0,86.4,"INVOICE: deposit, Proxima LTD to USD"
Best Company_USD,2023-03-13 10:55:00,120_Best Company_USD,Gold Fix,Mega Trade,USD,5600.0,0.0,0.0,"INVOICE: deposit, Mega Trade to USD"
Best Company_USD,2023-03-13 10:57:00,121_Best Company_USD,Gold Fix,Mega Trade,USD,0.0,5600.0,89.60000000000001,"INVOICE: deposit, Mega Trade to USD"
Best Company_USD,2023-03-15 12:11:00,122_Best Company_USD,Gold Fix,Proxima LTD,USD,7000.0,0.0,0.0,"INVOICE: deposit, Proxima LTD to USD"
Best Company_USD,2023-03-15 12:13:00,123_Best Company_USD,Gold Fix,Proxima LTD,USD,0.0,7000.0,112.0,"INVOICE: deposit, Proxima LTD to USD"
Best Company_USD,2023-03-16 22:32:00,124_Best Company_USD,Gold Fix,Proxima LTD,USD,4800.0,0.0,0.0,"INVOICE: deposit, Proxima LTD to USD"
Best Company_USD,2023-03-16 22:34:00,125_Best Company_USD,Gold Fix,Proxima LTD,USD,0.0,4800.0,76.8,"INVOICE: deposit, Proxima LTD to USD"
Best Company_USD,2023-03-17 17:29:00,126_Best Company_USD,Gold Fix,Mega Trade,USD,6300.0,0.0,0.0,"INVOICE: deposit, Mega Trade to USD"
Best Company_USD,2023-03-17 17:31:00,127_Best Company_USD,Gold Fix,Mega Trade,USD,0.0,6300.0,100.8,"INVOICE: deposit, Mega Trade to USD"
Best Company_USD,2023-03-19 03:32:00,128_Best Company_USD,Gold Fix,Super Trader,USD,4200.0,0.0,0.0,"INVOICE: deposit, Super Trader to USD"
Best Company_USD,2023-03-19 03:34:00,129_Best Company_USD,Gold Fix,Super Trader,USD,0.0,4200.0,67.2,"INVOICE: deposit, Super Trader to USD"
Best Company_USD,2023-03-19 12:01:00,130_Best Company_USD,Gold Fix,Proxima LTD,USD,4800.0,0.0,0.0,"INVOICE: deposit, Proxima LTD to USD"
Best Company_USD,2023-03-19 12:03:00,131_Best Company_USD,Gold Fix,Proxima LTD,USD,0.0,4800.0,76.8,"INVOICE: deposit, Proxima LTD to USD"
Best Company_USD,2023-03-21 05:11:00,132_Best Company_USD,Gold Fix,Proxima LTD,USD,8000.0,0.0,0.0,"INVOICE: deposit, Proxima LTD to USD"
Best Company_USD,2023-03-21 05:13:00,133_Best Company_USD,Gold Fix,Proxima LTD,USD,0.0,8000.0,128.0,"INVOICE: deposit, Proxima LTD to USD"
Best Company_USD,2023-03-21 15:54:00,134_Best Company_USD,Gold Fix,Super Trader,USD,3600.0,0.0,0.0,"INVOICE: deposit, Super Trader to USD"
Best Company_USD,2023-03-21 15:56:00,135_Best Company_USD,Gold Fix,Super Trader,USD,0.0,3600.0,57.6,"INVOICE: deposit, Super Trader to USD"
Best Company_USD,2023-03-22 11:15:00,136_Best Company_USD,Gold Fix,Mega Trade,USD,3600.0,0.0,0.0,"INVOICE: deposit, Mega Trade to USD"
Best Company_USD,2023-03-22 11:17:00,137_Best Company_USD,Gold Fix,Mega Trade,USD,0.0,3600.0,57.6,"INVOICE: deposit, Mega Trade to USD"
Best Company_USD,2023-03-23 15:20:00,138_Best Company_USD,Gold Fix,Super Trader,USD,6000.0,0.0,0.0,"INVOICE: deposit, Super Trader to USD"
Best Company_USD,2023-03-23 15:22:00,139_Best Company_USD,Gold Fix,Super Trader,USD,0.0,6000.0,96.0,"INVOICE: deposit, Super Trader to USD"
Best Company_USD,2023-03-24 19:48:00,140_Best Company_USD,Gold Fix,Proxima LTD,USD,5600.0,0.0,0.0,"INVOICE: deposit, Proxima LTD to USD"
Best Company_USD,2023-03-24 19:50:00,141_Best Company_USD,Gold Fix,Proxima LTD,USD,0.0,5600.0,89.60000000000001,"INVOICE: deposit, Proxima LTD to USD"
Best Company_USD,2023-03-25 23:55:00,142_Best Company_USD,Gold Fix,Super Trader,USD,6300.0,0.0,0.0,"INVOICE: deposit, Super Trader to USD"
Best Company_USD,2023-03-25 23:57:00,143_Best Company_USD,Gold Fix,Super Trader,USD,0.0,6300.0,100.8,"INVOICE: deposit, Super Trader to USD"
Best Company_USD,2023-03-28 02:35:00,144_Best Company_USD,Gold Fix,Super Trader,USD,4200.0,0.0,0.0,"INVOICE: deposit, Super Trader to USD"
Best Company_USD,2023-03-28 02:37:00,145_Best Company_USD,Gold Fix,Super Trader,USD,0.0,4200.0,67.2,"INVOICE: deposit, Super Trader to USD"
Best Company_USD,2023-03-28 07:33:00,146_Best Company_USD,Gold Fix,Mega Trade,USD,3600.0,0.0,0.0,"INVOICE: deposit, Mega Trade to USD"
Best Company_USD,2023-03-28 07:35:00,147_Best Company_USD,Gold Fix,Mega Trade,USD,0.0,3600.0,57.6,"INVOICE: deposit, Mega Trade to USD"
Best Company_USD,2023-03-28 07:42:00,148_Best Company_USD,Gold Fix,Proxima LTD,USD,5400.0,0.0,0.0,"INVOICE: deposit, Proxima LTD to USD"
Best Company_USD,2023-03-28 07:44:00,149_Best Company_USD,Gold Fix,Proxima LTD,USD,0.0,5400.0,86.4,"INVOICE: deposit, Proxima LTD to USD"
Best Company_USD,2023-03-29 10:24:00,150_Best Company_USD,Gold Fix,Mega Trade,USD,4200.0,0.0,0.0,"INVOICE: deposit, Mega Trade to USD"
Best Company_USD,2023-03-29 10:26:00,151_Best Company_USD,Gold Fix,Mega Trade,USD,0.0,4200.0,67.2,"INVOICE: deposit, Mega Trade to USD"
Best Company_USD,2023-03-31 00:30:00,152_Best Company_USD,Gold Fix,Mega Trade,USD,6300.0,0.0,0.0,"INVOICE: deposit, Mega Trade to USD"
Best Company_USD,2023-03-31 00:32:00,153_Best Company_USD,Gold Fix,Mega Trade,USD,0.0,6300.0,100.8,"INVOICE: deposit, Mega Trade to USD"
Best Company_USD,2023-03-31 07:39:00,154_Best Company_USD,Gold Fix,Proxima LTD,USD,4800.0,0.0,0.0,"INVOICE: deposit, Proxima LTD to USD"
Best Company_USD,2023-03-31 07:41:00,155_Best Company_USD,Gold Fix,Proxima LTD,USD,0.0,4800.0,76.8,"INVOICE: deposit, Proxima LTD to USD"
Best Company_USD,2023-03-31 10:43:00,156_Best Company_USD,Gold Fix,Super Trader,USD,7000.0,0.0,0.0,"INVOICE: deposit, Super Trader to USD"
Best Company_USD,2023-03-31 10:45:00,157_Best Company_USD,Gold Fix,Super Trader,USD,0.0,7000.0,112.0,"INVOICE: deposit, Super Trader to USD"
Best Company_EUR,2023-01-02 00:00:00,1_Best Company_EUR,Green Field,,EUR,0.0,80.0,0.0,Monthly withdrawl according conditions. Period 2022-12
Best Company_EUR,2023-01-02 06:19:00,2_Best Company_EUR,Green Field,Super Trader,EUR,8000.0,0.0,0.0,"INVOICE: deposit, Super Trader to EUR"
Best Company_EUR,2023-01-02 06:21:00,3_Best Company_EUR,Green Field,Super Trader,EUR,0.0,8000.0,104.0,"INVOICE: deposit, Super Trader to EUR"
Best Company_EUR,2023-01-03 06:08:00,4_Best Company_EUR,Green Field,Proxima LTD,EUR,6300.0,0.0,0.0,"INVOICE: deposit, Proxima LTD to EUR"
Best Company_EUR,2023-01-03 06:10:00,5_Best Company_EUR,Green Field,Proxima LTD,EUR,0.0,6300.0,81.89999999999999,"INVOICE: deposit, Proxima LTD to EUR"
Best Company_EUR,2023-01-05 15:16:00,6_Best Company_EUR,Green Field,Super Trader,EUR,4200.0,0.0,0.0,"INVOICE: deposit, Super Trader to EUR"
Best Company_EUR,2023-01-05 15:18:00,7_Best Company_EUR,Green Field,Super Trader,EUR,0.0,4200.0,54.599999999999994,"INVOICE: deposit, Super Trader to EUR"
Best Company_EUR,2023-01-06 15:46:00,8_Best Company_EUR,Green Field,Proxima LTD,EUR,3600.0,0.0,0.0,"INVOICE: deposit, Proxima LTD to EUR"
Best Company_EUR,2023-01-06 15:48:00,9_Best Company_EUR,Green Field,Proxima LTD,EUR,0.0,3600.0,46.8,"INVOICE: deposit, Proxima LTD to EUR"
Best Company_EUR,2023-01-07 17:10:00,10_Best Company_EUR,Green Field,Proxima LTD,EUR,5600.0,0.0,0.0,"INVOICE: deposit, Proxima LTD to EUR"
Best Company_EUR,2023-01-07 17:12:00,11_Best Company_EUR,Green Field,Proxima LTD,EUR,0.0,5600.0,72.8,"INVOICE: deposit, Proxima LTD to EUR"
Best Company_EUR,2023-01-08 15:21:00,12_Best Company_EUR,Green Field,Mega Trade,EUR,7200.0,0.0,0.0,"INVOICE: deposit, Mega Trade to EUR"
Best Company_EUR,2023-01-08 15:23:00,13_Best Company_EUR,Green Field,Mega Trade,EUR,0.0,7200.0,93.6,"INVOICE: deposit, Mega Trade to EUR"
Best Company_EUR,2023-01-10 12:16:00,14_Best Company_EUR,Green Field,Mega Trade,EUR,4200.0,0.0,0.0,"INVOICE: deposit, Mega Trade to EUR"
Best Company_EUR,2023-01-10 12:18:00,15_Best Company_EUR,Green Field,Mega Trade,EUR,0.0,4200.0,54.599999999999994,"INVOICE: deposit, Mega Trade to EUR"
Best Company_EUR,2023-01-12 00:01:00,16_Best Company_EUR,Green Field,Super Trader,EUR,7200.0,0.0,0.0,"INVOICE: deposit, Super Trader to EUR"
Best Company_EUR,2023-01-12 00:03:00,17_Best Company_EUR,Green Field,Super Trader,EUR,0.0,7200.0,93.6,"INVOICE: deposit, Super Trader to EUR"
Best Company_EUR,2023-01-14 19:41:00,18_Best Company_EUR,Green Field,Mega Trade,EUR,6300.0,0.0,0.0,"INVOICE: deposit, Mega Trade to EUR"
Best Company_EUR,2023-01-14 19:43:00,19_Best Company_EUR,Green Field,Mega Trade,EUR,0.0,6300.0,81.89999999999999,"INVOICE: deposit, Mega Trade to EUR"
Best Company_EUR,2023-01-14 23:56:00,20_Best Company_EUR,Green Field,Super Trader,EUR,7000.0,0.0,0.0,"INVOICE: deposit, Super Trader to EUR"
Best Company_EUR,2023-01-14 23:58:00,21_Best Company_EUR,Green Field,Super Trader,EUR,0.0,7000.0,91.0,"INVOICE: deposit, Super Trader to EUR"
Best Company_EUR,2023-01-16 14:13:00,22_Best Company_EUR,Green Field,Super Trader,EUR,4800.0,0.0,0.0,"INVOICE: deposit, Super Trader to EUR"
Best Company_EUR,2023-01-16 14:15:00,23_Best Company_EUR,Green Field,Super Trader,EUR,0.0,4800.0,62.4,"INVOICE: deposit, Super Trader to EUR"
Best Company_EUR,2023-01-17 03:17:00,24_Best Company_EUR,Green Field,Proxima LTD,EUR,5600.0,0.0,0.0,"INVOICE: deposit, Proxima LTD to EUR"
Best Company_EUR,2023-01-17 03:19:00,25_Best Company_EUR,Green Field,Proxima LTD,EUR,0.0,5600.0,72.8,"INVOICE: deposit, Proxima LTD to EUR"
Best Company_EUR,2023-01-18 11:41:00,26_Best Company_EUR,Green Field,Super Trader,EUR,4000.0,0.0,0.0,"INVOICE: deposit, Super Trader to EUR"
Best Company_EUR,2023-01-18 11:43:00,27_Best Company_EUR,Green Field,Super Trader,EUR,0.0,4000.0,52.0,"INVOICE: deposit, Super Trader to EUR"
Best Company_EUR,2023-01-19 12:37:00,28_Best Company_EUR,Green Field,Mega Trade,EUR,4200.0,0.0,0.0,"INVOICE: deposit, Mega Trade to EUR"
Best Company_EUR,2023-01-19 12:39:00,29_Best Company_EUR,Green Field,Mega Trade,EUR,0.0,4200.0,54.599999999999994,"INVOICE: deposit, Mega Trade to EUR"
Best Company_EUR,2023-01-19 18:04:00,30_Best Company_EUR,Green Field,Proxima LTD,EUR,4900.0,0.0,0.0,"INVOICE: deposit, Proxima LTD to EUR"
Best Company_EUR,2023-01-19 18:06:00,31_Best Company_EUR,Green Field,Proxima LTD,EUR,0.0,4900.0,63.699999999999996,"INVOICE: deposit, Proxima LTD to EUR"
Best Company_EUR,2023-01-20 22:03:00,32_Best Company_EUR,Green Field,Super Trader,EUR,5600.0,0.0,0.0,"INVOICE: deposit, Super Trader to EUR"
Best Company_EUR,2023-01-20 22:05:00,33_Best Company_EUR,Green Field,Super Trader,EUR,0.0,5600.0,72.8,"INVOICE: deposit, Super Trader to EUR"
Best Company_EUR,2023-01-21 23:56:00,34_Best Company_EUR,Green Field,Mega Trade,EUR,5600.0,0.0,0.0,"INVOICE: deposit, Mega Trade to EUR"
Best Company_EUR,2023-01-21 23:58:00,35_Best Company_EUR,Green Field,Mega Trade,EUR,0.0,5600.0,72.8,"INVOICE: deposit, Mega Trade to EUR"
Best Company_EUR,2023-01-24 00:35:00,36_Best Company_EUR,Green Field,Super Trader,EUR,6000.0,0.0,0.0,"INVOICE: deposit, Super Trader to EUR"
Best Company_EUR,2023-01-24 00:37:00,37_Best Company_EUR,Green Field,Super Trader,EUR,0.0,6000.0,78.0,"INVOICE: deposit, Super Trader to EUR"
Best Company_EUR,2023-01-24 15:53:00,38_Best Company_EUR,Green Field,Proxima LTD,EUR,4200.0,0.0,0.0,"INVOICE: deposit, Proxima LTD to EUR"
Best Company_EUR,2023-01-24 15:55:00,39_Best Company_EUR,Green Field,Proxima LTD,EUR,0.0,4200.0,54.599999999999994,"INVOICE: deposit, Proxima LTD to EUR"
Best Company_EUR,2023-01-26 19:17:00,40_Best Company_EUR,Green Field,Mega Trade,EUR,5400.0,0.0,0.0,"INVOICE: deposit, Mega Trade to EUR"
Best Company_EUR,2023-01-26 19:19:00,41_Best Company_EUR,Green Field,Mega Trade,EUR,0.0,5400.0,70.2,"INVOICE: deposit, Mega Trade to EUR"
Best Company_EUR,2023-01-27 19:16:00,42_Best Company_EUR,Green Field,Super Trader,EUR,4900.0,0.0,0.0,"INVOICE: deposit, Super Trader to EUR"
Best Company_EUR,2023-01-27 19:18:00,43_Best Company_EUR,Green Field,Super Trader,EUR,0.0,4900.0,63.699999999999996,"INVOICE: deposit, Super Trader to EUR"
Best Company_EUR,2023-01-29 06:53:00,44_Best Company_EUR,Green Field,Proxima LTD,EUR,4900.0,0.0,0.0,"INVOICE: deposit, Proxima LTD to EUR"
Best Company_EUR,2023-01-29 06:55:00,45_Best Company_EUR,Green Field,Proxima LTD,EUR,0.0,4900.0,63.699999999999996,"INVOICE: deposit, Proxima LTD to EUR"
Best Company_EUR,2023-01-30 19:01:00,46_Best Company_EUR,Green Field,Proxima LTD,EUR,8000.0,0.0,0.0,"INVOICE: deposit, Proxima LTD to EUR"
Best Company_EUR,2023-01-30 19:03:00,47_Best Company_EUR,Green Field,Proxima LTD,EUR,0.0,8000.0,104.0,"INVOICE: deposit, Proxima LTD to EUR"
Best Company_EUR,2023-02-01 02:23:00,48_Best Company_EUR,Green Field,Super Trader,EUR,8000.0,0.0,0.0,"INVOICE: deposit, Super Trader to EUR"
Best Company_EUR,2023-02-01 02:25:00,49_Best Company_EUR,Green Field,Super Trader,EUR,0.0,8000.0,104.0,"INVOICE: deposit, Super Trader to EUR"
Best Company_EUR,2023-02-02 12:50:00,50_Best Company_EUR,Green Field,Proxima LTD,EUR,6300.0,0.0,0.0,"INVOICE: deposit, Proxima LTD to EUR"
Best Company_EUR,2023-02-02 12:52:00,51_Best Company_EUR,Green Field,Proxima LTD,EUR,0.0,6300.0,81.89999999999999,"INVOICE: deposit, Proxima LTD to EUR"
Best Company_EUR,2023-02-02 15:54:00,52_Best Company_EUR,Green Field,Mega Trade,EUR,4200.0,0.0,0.0,"INVOICE: deposit, Mega Trade to EUR"
Best Company_EUR,2023-02-02 15:56:00,53_Best Company_EUR,Green Field,Mega Trade,EUR,0.0,4200.0,54.599999999999994,"INVOICE: deposit, Mega Trade to EUR"
Best Company_EUR,2023-02-04 04:16:00,54_Best Company_EUR,Green Field,Super Trader,EUR,4200.0,0.0,0.0,"INVOICE: deposit, Super Trader to EUR"
Best Company_EUR,2023-02-04 04:18:00,55_Best Company_EUR,Green Field,Super Trader,EUR,0.0,4200.0,54.599999999999994,"INVOICE: deposit, Super Trader to EUR"
Best Company_EUR,2023-02-05 07:06:00,56_Best Company_EUR,Green Field,Mega Trade,EUR,8000.0,0.0,0.0,"INVOICE: deposit, Mega Trade to EUR"
Best Company_EUR,2023-02-05 07:08:00,57_Best Company_EUR,Green Field,Mega Trade,EUR,0.0,8000.0,104.0,"INVOICE: deposit, Mega Trade to EUR"
Best Company_EUR,2023-02-05 09:06:00,58_Best Company_EUR,Green Field,Super Trader,EUR,3600.0,0.0,0.0,"INVOICE: deposit, Super Trader to EUR"
Best Company_EUR,2023-02-05 09:08:00,59_Best Company_EUR,Green Field,Super Trader,EUR,0.0,3600.0,46.8,"INVOICE: deposit, Super Trader to EUR"
Best Company_EUR,2023-02-07 13:32:00,60_Best Company_EUR,Green Field,Proxima LTD,EUR,7200.0,0.0,0.0,"INVOICE: deposit, Proxima LTD to EUR"
Best Company_EUR,2023-02-07 13:34:00,61_Best Company_EUR,Green Field,Proxima LTD,EUR,0.0,7200.0,93.6,"INVOICE: deposit, Proxima LTD to EUR"
Best Company_EUR,2023-02-07 18:26:00,62_Best Company_EUR,Green Field,Super Trader,EUR,6300.0,0.0,0.0,"INVOICE: deposit, Super Trader to EUR"
Best Company_EUR,2023-02-07 18:28:00,63_Best Company_EUR,Green Field,Super Trader,EUR,0.0,6300.0,81.89999999999999,"INVOICE: deposit, Super Trader to EUR"
Best Company_EUR,2023-02-10 01:53:00,64_Best Company_EUR,Green Field,Proxima LTD,EUR,5400.0,0.0,0.0,"INVOICE: deposit, Proxima LTD to EUR"
Best Company_EUR,2023-02-10 01:55:00,65_Best Company_EUR,Green Field,Proxima LTD,EUR,0.0,5400.0,70.2,"INVOICE: deposit, Proxima LTD to EUR"
Best Company_EUR,2023-02-10 07:58:00,66_Best Company_EUR,Green Field,Mega Trade,EUR,4800.0,0.0,0.0,"INVOICE: deposit, Mega Trade to EUR"
Best Company_EUR,2023-02-10 08:00:00,67_Best Company_EUR,Green Field,Mega Trade,EUR,0.0,4800.0,62.4,"INVOICE: deposit, Mega Trade to EUR"
Best Company_EUR,2023-02-12 09:26:00,68_Best Company_EUR,Green Field,Super Trader,EUR,4800.0,0.0,0.0,"INVOICE: deposit, Super Trader to EUR"
Best Company_EUR,2023-02-12 09:28:00,69_Best Company_EUR,Green Field,Super Trader,EUR,0.0,4800.0,62.4,"INVOICE: deposit, Super Trader to EUR"
Best Company_EUR,2023-02-14 23:01:00,70_Best Company_EUR,Green Field,Mega Trade,EUR,7200.0,0.0,0.0,"INVOICE: deposit, Mega Trade to EUR"
Best Company_EUR,2023-02-14 23:03:00,71_Best Company_EUR,Green Field,Mega Trade,EUR,0.0,7200.0,93.6,"INVOICE: deposit, Mega Trade to EUR"
Best Company_EUR,2023-02-15 13:29:00,72_Best Company_EUR,Green Field,Super Trader,EUR,6000.0,0.0,0.0,"INVOICE: deposit, Super Trader to EUR"
Best Company_EUR,2023-02-15 13:31:00,73_Best Company_EUR,Green Field,Super Trader,EUR,0.0,6000.0,78.0,"INVOICE: deposit, Super Trader to EUR"
Best Company_EUR,2023-02-15 23:27:00,74_Best Company_EUR,Green Field,Proxima LTD,EUR,7000.0,0.0,0.0,"INVOICE: deposit, Proxima LTD to EUR"
Best Company_EUR,2023-02-15 23:29:00,75_Best Company_EUR,Green Field,Proxima LTD,EUR,0.0,7000.0,91.0,"INVOICE: deposit, Proxima LTD to EUR"
Best Company_EUR,2023-02-18 13:35:00,76_Best Company_EUR,Green Field,Proxima LTD,EUR,4800.0,0.0,0.0,"INVOICE: deposit, Proxima LTD to EUR"
Best Company_EUR,2023-02-18 13:37:00,77_Best Company_EUR,Green Field,Proxima LTD,EUR,0.0,4800.0,62.4,"INVOICE: deposit, Proxima LTD to EUR"
Best Company_EUR,2023-02-19 09:09:00,78_Best Company_EUR,Green Field,Mega Trade,EUR,8000.0,0.0,0.0,"INVOICE: deposit, Mega Trade to EUR"
Best Company_EUR,2023-02-19 09:11:00,79_Best Company_EUR,Green Field,Mega Trade,EUR,0.0,8000.0,104.0,"INVOICE: deposit, Mega Trade to EUR"
Best Company_EUR,2023-02-20 18:03:00,80_Best Company_EUR,Green Field,Proxima LTD,EUR,6300.0,0.0,0.0,"INVOICE: deposit, Proxima LTD to EUR"
Best Company_EUR,2023-02-20 18:05:00,81_Best Company_EUR,Green Field,Proxima LTD,EUR,0.0,6300.0,81.89999999999999,"INVOICE: deposit, Proxima LTD to EUR"
Best Company_EUR,2023-02-22 09:23:00,82_Best Company_EUR,Green Field,Proxima LTD,EUR,5600.0,0.0,0.0,"INVOICE: deposit, Proxima LTD to EUR"
Best Company_EUR,2023-02-22 09:25:00,83_Best Company_EUR,Green Field,Proxima LTD,EUR,0.0,5600.0,72.8,"INVOICE: deposit, Proxima LTD to EUR"
Best Company_EUR,2023-02-24 02:40:00,84_Best Company_EUR,Green Field,Proxima LTD,EUR,8000.0,0.0,0.0,"INVOICE: deposit, Proxima LTD to EUR"
Best Company_EUR,2023-02-24 02:42:00,85_Best Company_EUR,Green Field,Proxima LTD,EUR,0.0,8000.0,104.0,"INVOICE: deposit, Proxima LTD to EUR"
Best Company_EUR,2023-02-26 22:59:00,86_Best Company_EUR,Green Field,Mega Trade,EUR,4900.0,0.0,0.0,"INVOICE: deposit, Mega Trade to EUR"
Best Company_EUR,2023-02-26 23:01:00,87_Best Company_EUR,Green Field,Mega Trade,EUR,0.0,4900.0,63.699999999999996,"INVOICE: deposit, Mega Trade to EUR"
Best Company_EUR,2023-02-27 13:37:00,88_Best Company_EUR,Green Field,Proxima LTD,EUR,4200.0,0.0,0.0,"INVOICE: deposit, Proxima LTD to EUR"
Best Company_EUR,2023-02-27 13:39:00,89_Best Company_EUR,Green Field,Proxima LTD,EUR,0.0,4200.0,54.599999999999994,"INVOICE: deposit, Proxima LTD to EUR"
Best Company_EUR,2023-02-28 00:28:00,90_Best Company_EUR,Green Field,Super Trader,EUR,6300.0,0.0,0.0,"INVOICE: deposit, Super Trader to EUR"
Best Company_EUR,2023-02-28 00:30:00,91_Best Company_EUR,Green Field,Super Trader,EUR,0.0,6300.0,81.89999999999999,"INVOICE: deposit, Super Trader to EUR"
Best Company_EUR,2023-02-28 13:49:00,92_Best Company_EUR,Green Field,Mega Trade,EUR,7000.0,0.0,0.0,"INVOICE: deposit, Mega Trade to EUR"
Best Company_EUR,2023-02-28 13:51:00,93_Best Company_EUR,Green Field,Mega Trade,EUR,0.0,7000.0,91.0,"INVOICE: deposit, Mega Trade to EUR"
Best Company_EUR,2023-03-02 08:29:00,94_Best Company_EUR,Green Field,Mega Trade,EUR,5600.0,0.0,0.0,"INVOICE: deposit, Mega Trade to EUR"
Best Company_EUR,2023-03-02 08:31:00,95_Best Company_EUR,Green Field,Mega Trade,EUR,0.0,5600.0,72.8,"INVOICE: deposit, Mega Trade to EUR"
Best Company_EUR,2023-03-03 12:52:00,96_Best Company_EUR,Green Field,Mega Trade,EUR,4800.0,0.0,0.0,"INVOICE: deposit, Mega Trade to EUR"
Best Company_EUR,2023-03-03 12:54:00,97_Best Company_EUR,Green Field,Mega Trade,EUR,0.0,4800.0,62.4,"INVOICE: deposit, Mega Trade to EUR"
Best Company_EUR,2023-03-04 13:14:00,98_Best Company_EUR,Green Field,Proxima LTD,EUR,5400.0,0.0,0.0,"INVOICE: deposit, Proxima LTD to EUR"
Best Company_EUR,2023-03-04 13:16:00,99_Best Company_EUR,Green Field,Proxima LTD,EUR,0.0,5400.0,70.2,"INVOICE: deposit, Proxima LTD to EUR"
Best Company_EUR,2023-03-04 23:10:00,100_Best Company_EUR,Green Field,Mega Trade,EUR,3600.0,0.0,0.0,"INVOICE: deposit, Mega Trade to EUR"
Best Company_EUR,2023-03-04 23:12:00,101_Best Company_EUR,Green Field,Mega Trade,EUR,0.0,3600.0,46.8,"INVOICE: deposit, Mega Trade to EUR"
Best Company_EUR,2023-03-08 11:52:00,102_Best Company_EUR,Green Field,Super Trader,EUR,3500.0,0.0,0.0,"INVOICE: deposit, Super Trader to EUR"
Best Company_EUR,2023-03-08 11:54:00,103_Best Company_EUR,Green Field,Super Trader,EUR,0.0,3500.0,45.5,"INVOICE: deposit, Super Trader to EUR"
Best Company_EUR,2023-03-09 00:51:00,104_Best Company_EUR,Green Field,Mega Trade,EUR,3000.0,0.0,0.0,"INVOICE: deposit, Mega Trade to EUR"
Best Company_EUR,2023-03-09 00:53:00,105_Best Company_EUR,Green Field,Mega Trade,EUR,0.0,3000.0,39.0,"INVOICE: deposit, Mega Trade to EUR"
Best Company_EUR,2023-03-10 02:42:00,106_Best Company_EUR,Green Field,Proxima LTD,EUR,5400.0,0.0,0.0,"INVOICE: deposit, Proxima LTD to EUR"
Best Company_EUR,2023-03-10 02:44:00,107_Best Company_EUR,Green Field,Proxima LTD,EUR,0.0,5400.0,70.2,"INVOICE: deposit, Proxima LTD to EUR"
Best Company_EUR,2023-03-11 16:22:00,108_Best Company_EUR,Green Field,Mega Trade,EUR,5400.0,0.0,0.0,"INVOICE: deposit, Mega Trade to EUR"
Best Company_EUR,2023-03-11 16:24:00,109_Best Company_EUR,Green Field,Mega Trade,EUR,0.0,5400.0,70.2,"INVOICE: deposit, Mega Trade to EUR"
Best Company_EUR,2023-03-13 05:50:00,110_Best Company_EUR,Green Field,Proxima LTD,EUR,4800.0,0.0,0.0,"INVOICE: deposit, Proxima LTD to EUR"
Best Company_EUR,2023-03-13 05:52:00,111_Best Company_EUR,Green Field,Proxima LTD,EUR,0.0,4800.0,62.4,"INVOICE: deposit, Proxima LTD to EUR"
Best Company_EUR,2023-03-13 07:53:00,112_Best Company_EUR,Green Field,Super Trader,EUR,3000.0,0.0,0.0,"INVOICE: deposit, Super Trader to EUR"
Best Company_EUR,2023-03-13 07:55:00,113_Best Company_EUR,Green Field,Super Trader,EUR,0.0,3000.0,39.0,"INVOICE: deposit, Super Trader to EUR"
Best Company_EUR,2023-03-14 09:37:00,114_Best Company_EUR,Green Field,Proxima LTD,EUR,4800.0,0.0,0.0,"INVOICE: deposit, Proxima LTD to EUR"
Best Company_EUR,2023-03-14 09:39:00,115_Best Company_EUR,Green Field,Proxima LTD,EUR,0.0,4800.0,62.4,"INVOICE: deposit, Proxima LTD to EUR"
Best Company_EUR,2023-03-15 07:28:00,116_Best Company_EUR,Green Field,Super Trader,EUR,5400.0,0.0,0.0,"INVOICE: deposit, Super Trader to EUR"
Best Company_EUR,2023-03-15 07:30:00,117_Best Company_EUR,Green Field,Super Trader,EUR,0.0,5400.0,70.2,"INVOICE: deposit, Super Trader to EUR"
Best Company_EUR,2023-03-16 04:27:00,118_Best Company_EUR,Green Field,Proxima LTD,EUR,8000.0,0.0,0.0,"INVOICE: deposit, Proxima LTD to EUR"
Best Company_EUR,2023-03-16 04:29:00,119_Best Company_EUR,Green Field,Proxima LTD,EUR,0.0,8000.0,104.0,"INVOICE: deposit, Proxima LTD to EUR"
Best Company_EUR,2023-03-17 08:27:00,120_Best Company_EUR,Green Field,Mega Trade,EUR,3600.0,0.0,0.0,"INVOICE: deposit, Mega Trade to EUR"
Best Company_EUR,2023-03-17 08:29:00,121_Best Company_EUR,Green Field,Mega Trade,EUR,0.0,3600.0,46.8,"INVOICE: deposit, Mega Trade to EUR"
Best Company_EUR,2023-03-17 10:31:00,122_Best Company_EUR,Green Field,Super Trader,EUR,8000.0,0.0,0.0,"INVOICE: deposit, Super Trader to EUR"
Best Company_EUR,2023-03-17 10:33:00,123_Best Company_EUR,Green Field,Super Trader,EUR,0.0,8000.0,104.0,"INVOICE: deposit, Super Trader to EUR"
Best Company_EUR,2023-03-18 14:39:00,124_Best Company_EUR,Green Field,Mega Trade,EUR,4200.0,0.0,0.0,"INVOICE: deposit, Mega Trade to EUR"
Best Company_EUR,2023-03-18 14:41:00,125_Best Company_EUR,Green Field,Mega Trade,EUR,0.0,4200.0,54.599999999999994,"INVOICE: deposit, Mega Trade to EUR"
Best Company_EUR,2023-03-21 05:15:00,126_Best Company_EUR,Green Field,Mega Trade,EUR,7000.0,0.0,0.0,"INVOICE: deposit, Mega Trade to EUR"
Best Company_EUR,2023-03-21 05:17:00,127_Best Company_EUR,Green Field,Mega Trade,EUR,0.0,7000.0,91.0,"INVOICE: deposit, Mega Trade to EUR"
Best Company_EUR,2023-03-24 03:25:00,128_Best Company_EUR,Green Field,Proxima LTD,EUR,4900.0,0.0,0.0,"INVOICE: deposit, Proxima LTD to EUR"
Best Company_EUR,2023-03-24 03:27:00,129_Best Company_EUR,Green Field,Proxima LTD,EUR,0.0,4900.0,63.699999999999996,"INVOICE: deposit, Proxima LTD to EUR"
Best Company_EUR,2023-03-26 15:53:00,130_Best Company_EUR,Green Field,Proxima LTD,EUR,4800.0,0.0,0.0,"INVOICE: deposit, Proxima LTD to EUR"
Best Company_EUR,2023-03-26 15:55:00,131_Best Company_EUR,Green Field,Proxima LTD,EUR,0.0,4800.0,62.4,"INVOICE: deposit, Proxima LTD to EUR"
Best Company_EUR,2023-03-27 22:30:00,132_Best Company_EUR,Green Field,Super Trader,EUR,5600.0,0.0,0.0,"INVOICE: deposit, Super Trader to EUR"
Best Company_EUR,2023-03-27 22:32:00,133_Best Company_EUR,Green Field,Super Trader,EUR,0.0,5600.0,72.8,"INVOICE: deposit, Super Trader to EUR"
Best Company_EUR,2023-03-28 02:30:00,134_Best Company_EUR,Green Field,Mega Trade,EUR,3600.0,0.0,0.0,"INVOICE: deposit, Mega Trade to EUR"
Best Company_EUR,2023-03-28 02:32:00,135_Best Company_EUR,Green Field,Mega Trade,EUR,0.0,3600.0,46.8,"INVOICE: deposit, Mega Trade to EUR"
Best Company_EUR,2023-03-30 11:29:00,136_Best Company_EUR,Green Field,Mega Trade,EUR,3600.0,0.0,0.0,"INVOICE: deposit, Mega Trade to EUR"
Best Company_EUR,2023-03-30 11:31:00,137_Best Company_EUR,Green Field,Mega Trade,EUR,0.0,3600.0,46.8,"INVOICE: deposit, Mega Trade to EUR"
Best Company_EUR,2023-03-31 13:33:00,138_Best Company_EUR,Green Field,Mega Trade,EUR,7000.0,0.0,0.0,"INVOICE: deposit, Mega Trade to EUR"
Best Company_EUR,2023-03-31 13:35:00,139_Best Company_EUR,Green Field,Mega Trade,EUR,0.0,7000.0,91.0,"INVOICE: deposit, Mega Trade to EUR"
Best Company_EUR,2023-03-31 16:40:00,140_Best Company_EUR,Green Field,Proxima LTD,EUR,4200.0,0.0,0.0,"INVOICE: deposit, Proxima LTD to EUR"
Best Company_EUR,2023-03-31 16:42:00,141_Best Company_EUR,Green Field,Proxima LTD,EUR,0.0,4200.0,54.599999999999994,"INVOICE: deposit, Proxima LTD to EUR"
Best Company_USD,2023-01-02 00:00:00,1_Best Company_USD,Green Field,,USD,0.0,100.0,0.0,Monthly withdrawl according conditions. Period 2022-12
Best Company_USD,2023-01-02 00:09:00,2_Best Company_USD,Green Field,Super Trader,USD,6400.0,0.0,0.0,"INVOICE: deposit, Super Trader to USD"
Best Company_USD,2023-01-02 00:11:00,3_Best Company_USD,Green Field,Super Trader,USD,0.0,6400.0,96.0,"INVOICE: deposit, Super Trader to USD"
Best Company_USD,2023-01-02 02:10:00,4_Best Company_USD,Green Field,Proxima LTD,USD,6000.0,0.0,0.0,"INVOICE: deposit, Proxima LTD to USD"
Best Company_USD,2023-01-02 02:12:00,5_Best Company_USD,Green Field,Proxima LTD,USD,0.0,6000.0,90.0,"INVOICE: deposit, Proxima LTD to USD"
Best Company_USD,2023-01-03 22:22:00,6_Best Company_USD,Green Field,Super Trader,USD,3500.0,0.0,0.0,"INVOICE: deposit, Super Trader to USD"
Best Company_USD,2023-01-03 22:24:00,7_Best Company_USD,Green Field,Super Trader,USD,0.0,3500.0,52.5,"INVOICE: deposit, Super Trader to USD"
Best Company_USD,2023-01-04 00:21:00,8_Best Company_USD,Green Field,Mega Trade,USD,4800.0,0.0,0.0,"INVOICE: deposit, Mega Trade to USD"
Best Company_USD,2023-01-04 00:23:00,9_Best Company_USD,Green Field,Mega Trade,USD,0.0,4800.0,72.0,"INVOICE: deposit, Mega Trade to USD"
Best Company_USD,2023-01-04 02:37:00,10_Best Company_USD,Green Field,Proxima LTD,USD,5600.0,0.0,0.0,"INVOICE: deposit, Proxima LTD to USD"
Best Company_USD,2023-01-04 02:39:00,11_Best Company_USD,Green Field,Proxima LTD,USD,0.0,5600.0,84.0,"INVOICE: deposit, Proxima LTD to USD"
Best Company_USD,2023-01-06 07:00:00,12_Best Company_USD,Green Field,Proxima LTD,USD,6000.0,0.0,0.0,"INVOICE: deposit, Proxima LTD to USD"
Best Company_USD,2023-01-06 07:02:00,13_Best Company_USD,Green Field,Proxima LTD,USD,0.0,6000.0,90.0,"INVOICE: deposit, Proxima LTD to USD"
Best Company_USD,2023-01-08 08:35:00,14_Best Company_USD,Green Field,Super Trader,USD,7200.0,0.0,0.0,"INVOICE: deposit, Super Trader to USD"
Best Company_USD,2023-01-08 08:37:00,15_Best Company_USD,Green Field,Super Trader,USD,0.0,7200.0,108.0,"INVOICE: deposit, Super Trader to USD"
Best Company_USD,2023-01-09 21:09:00,16_Best Company_USD,Green Field,Super Trader,USD,5400.0,0.0,0.0,"INVOICE: deposit, Super Trader to USD"
Best Company_USD,2023-01-09 21:11:00,17_Best Company_USD,Green Field,Super Trader,USD,0.0,5400.0,81.0,"INVOICE: deposit, Super Trader to USD"
Best Company_USD,2023-01-10 03:13:00,18_Best Company_USD,Green Field,Proxima LTD,USD,4800.0,0.0,0.0,"INVOICE: deposit, Proxima LTD to USD"
Best Company_USD,2023-01-10 03:15:00,19_Best Company_USD,Green Field,Proxima LTD,USD,0.0,4800.0,72.0,"INVOICE: deposit, Proxima LTD to USD"
Best Company_USD,2023-01-10 06:09:00,20_Best Company_USD,Green Field,Mega Trade,USD,6000.0,0.0,0.0,"INVOICE: deposit, Mega Trade to USD"
Best Company_USD,2023-01-10 06:11:00,21_Best Company_USD,Green Field,Mega Trade,USD,0.0,6000.0,90.0,"INVOICE: deposit, Mega Trade to USD"
Best Company_USD,2023-01-11 17:06:00,22_Best Company_USD,Green Field,Proxima LTD,USD,4800.0,0.0,0.0,"INVOICE: deposit, Proxima LTD to USD"
Best Company_USD,2023-01-11 17:08:00,23_Best Company_USD,Green Field,Proxima LTD,USD,0.0,4800.0,72.0,"INVOICE: deposit, Proxima LTD to USD"
Best Company_USD,2023-01-15 18:51:00,24_Best Company_USD,Green Field,Super Trader,USD,3500.0,0.0,0.0,"INVOICE: deposit, Super Trader to USD"
Best Company_USD,2023-01-15 18:53:00,25_Best Company_USD,Green Field,Super Trader,USD,0.0,3500.0,52.5,"INVOICE: deposit, Super Trader to USD"
Best Company_USD,2023-01-16 02:07:00,26_Best Company_USD,Green Field,Proxima LTD,USD,5600.0,0.0,0.0,"INVOICE: deposit, Proxima LTD to USD"
Best Company_USD,2023-01-16 02:09:00,27_Best Company_USD,Green Field,Proxima LTD,USD,0.0,5600.0,84.0,"INVOICE: deposit, Proxima LTD to USD"
Best Company_USD,2023-01-16 19:45:00,28_Best Company_USD,Green Field,Mega Trade,USD,7200.0,0.0,0.0,"INVOICE: deposit, Mega Trade to USD"
Best Company_USD,2023-01-16 19:47:00,29_Best Company_USD,Green Field,Mega Trade,USD,0.0,7200.0,108.0,"INVOICE: deposit, Mega Trade to USD"
Best Company_USD,2023-01-17 03:13:00,30_Best Company_USD,Green Field,Super Trader,USD,5400.0,0.0,0.0,"INVOICE: deposit, Super Trader to USD"
Best Company_USD,2023-01-17 03:15:00,31_Best Company_USD,Green Field,Super Trader,USD,0.0,5400.0,81.0,"INVOICE: deposit, Super Trader to USD"
Best Company_USD,2023-01-19 12:40:00,32_Best Company_USD,Green Field,Proxima LTD,USD,5600.0,0.0,0.0,"INVOICE: deposit, Proxima LTD to USD"
Best Company_USD,2023-01-19 12:42:00,33_Best Company_USD,Green Field,Proxima LTD,USD,0.0,5600.0,84.0,"INVOICE: deposit, Proxima LTD to USD"
Best Company_USD,2023-01-24 02:35:00,34_Best Company_USD,Green Field,Mega Trade,USD,8000.0,0.0,0.0,"INVOICE: deposit, Mega Trade to USD"
Best Company_USD,2023-01-24 02:37:00,35_Best Company_USD,Green Field,Mega Trade,USD,0.0,8000.0,120.0,"INVOICE: deposit, Mega Trade to USD"
Best Company_USD,2023-01-24 02:39:00,36_Best Company_USD,Green Field,Proxima LTD,USD,5400.0,0.0,0.0,"INVOICE: deposit, Proxima LTD to USD"
Best Company_USD,2023-01-24 02:41:00,37_Best Company_USD,Green Field,Proxima LTD,USD,0.0,5400.0,81.0,"INVOICE: deposit, Proxima LTD to USD"
Best Company_USD,2023-01-26 09:32:00,38_Best Company_USD,Green Field,Super Trader,USD,6300.0,0.0,0.0,"INVOICE: deposit, Super Trader to USD"
Best Company_USD,2023-01-26 09:34:00,39_Best Company_USD,Green Field,Super Trader,USD,0.0,6300.0,94.5,"INVOICE: deposit, Super Trader to USD"
Best Company_USD,2023-01-26 19:04:00,40_Best Company_USD,Green Field,Proxima LTD,USD,4800.0,0.0,0.0,"INVOICE: deposit, Proxima LTD to USD"
Best Company_USD,2023-01-26 19:06:00,41_Best Company_USD,Green Field,Proxima LTD,USD,0.0,4800.0,72.0,"INVOICE: deposit, Proxima LTD to USD"
Best Company_USD,2023-01-27 08:42:00,42_Best Company_USD,Green Field,Mega Trade,USD,4200.0,0.0,0.0,"INVOICE: deposit, Mega Trade to USD"
Best Company_USD,2023-01-27 08:44:00,43_Best Company_USD,Green Field,Mega Trade,USD,0.0,4200.0,63.0,"INVOICE: deposit, Mega Trade to USD"
Best Company_USD,2023-01-29 17:45:00,44_Best Company_USD,Green Field,Mega Trade,USD,3000.0,0.0,0.0,"INVOICE: deposit, Mega Trade to USD"
Best Company_USD,2023-01-29 17:47:00,45_Best Company_USD,Green Field,Mega Trade,USD,0.0,3000.0,45.0,"INVOICE: deposit, Mega Trade to USD"
Best Company_USD,2023-01-30 12:51:00,46_Best Company_USD,Green Field,Proxima LTD,USD,3000.0,0.0,0.0,"INVOICE: deposit, Proxima LTD to USD"
Best Company_USD,2023-01-30 12:53:00,47_Best Company_USD,Green Field,Proxima LTD,USD,0.0,3000.0,45.0,"INVOICE: deposit, Proxima LTD to USD"
Best Company_USD,2023-02-01 09:36:00,48_Best Company_USD,Green Field,Super Trader,USD,8000.0,0.0,0.0,"INVOICE: deposit, Super Trader to USD"
Best Company_USD,2023-02-01 09:38:00,49_Best Company_USD,Green Field,Super Trader,USD,0.0,8000.0,120.0,"INVOICE: deposit, Super Trader to USD"
Best Company_USD,2023-02-02 06:04:00,50_Best Company_USD,Green Field,Proxima LTD,USD,3500.0,0.0,0.0,"INVOICE: deposit, Proxima LTD to USD"
Best Company_USD,2023-02-02 06:06:00,51_Best Company_USD,Green Field,Proxima LTD,USD,0.0,3500.0,52.5,"INVOICE: deposit, Proxima LTD to USD"
Best Company_USD,2023-02-03 23:39:00,52_Best Company_USD,Green Field,Mega Trade,USD,6300.0,0.0,0.0,"INVOICE: deposit, Mega Trade to USD"
Best Company_USD,2023-02-03 23:41:00,53_Best Company_USD,Green Field,Mega Trade,USD,0.0,6300.0,94.5,"INVOICE: deposit, Mega Trade to USD"
Best Company_USD,2023-02-07 05:17:00,54_Best Company_USD,Green Field,Proxima LTD,USD,4000.0,0.0,0.0,"INVOICE: deposit, Proxima LTD to USD"
Best Company_USD,2023-02-07 05:19:00,55_Best Company_USD,Green Field,Proxima LTD,USD,0.0,4000.0,60.0,"INVOICE: deposit, Proxima LTD to USD"
Best Company_USD,2023-02-09 02:39:00,56_Best Company_USD,Green Field,Proxima LTD,USD,4800.0,0.0,0.0,"INVOICE: deposit, Proxima LTD to USD"
Best Company_USD,2023-02-09 02:41:00,57_Best Company_USD,Green Field,Proxima LTD,USD,0.0,4800.0,72.0,"INVOICE: deposit, Proxima LTD to USD"
Best Company_USD,2023-02-10 03:51:00,58_Best Company_USD,Green Field,Proxima LTD,USD,6000.0,0.0,0.0,"INVOICE: deposit, Proxima LTD to USD"
Best Company_USD,2023-02-10 03:53:00,59_Best Company_USD,Green Field,Proxima LTD,USD,0.0,6000.0,90.0,"INVOICE: deposit, Proxima LTD to USD"
Best Company_USD,2023-02-10 11:44:00,60_Best Company_USD,Green Field,Mega Trade,USD,4200.0,0.0,0.0,"INVOICE: deposit, Mega Trade to USD"
Best Company_USD,2023-02-10 11:46:00,61_Best Company_USD,Green Field,Mega Trade,USD,0.0,4200.0,63.0,"INVOICE: deposit, Mega Trade to USD"
Best Company_USD,2023-02-12 02:59:00,62_Best Company_USD,Green Field,Mega Trade,USD,4200.0,0.0,0.0,"INVOICE: deposit, Mega Trade to USD"
Best Company_USD,2023-02-12 03:01:00,63_Best Company_USD,Green Field,Mega Trade,USD,0.0,4200.0,63.0,"INVOICE: deposit, Mega Trade to USD"
Best Company_USD,2023-02-12 09:20:00,64_Best Company_USD,Green Field,Proxima LTD,USD,6000.0,0.0,0.0,"INVOICE: deposit, Proxima LTD to USD"
Best Company_USD,2023-02-12 09:22:00,65_Best Company_USD,Green Field,Proxima LTD,USD,0.0,6000.0,90.0,"INVOICE: deposit, Proxima LTD to USD"
Best Company_USD,2023-02-13 19:38:00,66_Best Company_USD,Green Field,Mega Trade,USD,4800.0,0.0,0.0,"INVOICE: deposit, Mega Trade to USD"
Best Company_USD,2023-02-13 19:40:00,67_Best Company_USD,Green Field,Mega Trade,USD,0.0,4800.0,72.0,"INVOICE: deposit, Mega Trade to USD"
Best Company_USD,2023-02-14 01:14:00,68_Best Company_USD,Green Field,Super Trader,USD,4800.0,0.0,0.0,"INVOICE: deposit, Super Trader to USD"
Best Company_USD,2023-02-14 01:16:00,69_Best Company_USD,Green Field,Super Trader,USD,0.0,4800.0,72.0,"INVOICE: deposit, Super Trader to USD"
Best Company_USD,2023-02-14 05:20:00,70_Best Company_USD,Green Field,Proxima LTD,USD,4800.0,0.0,0.0,"INVOICE: deposit, Proxima LTD to USD"
Best Company_USD,2023-02-14 05:22:00,71_Best Company_USD,Green Field,Proxima LTD,USD,0.0,4800.0,72.0,"INVOICE: deposit, Proxima LTD to USD"
Best Company_USD,2023-02-15 01:44:00,72_Best Company_USD,Green Field,Proxima LTD,USD,6000.0,0.0,0.0,"INVOICE: deposit, Proxima LTD to USD"
Best Company_USD,2023-02-15 01:46:00,73_Best Company_USD,Green Field,Proxima LTD,USD,0.0,6000.0,90.0,"INVOICE: deposit, Proxima LTD to USD"
Best Company_USD,2023-02-16 05:21:00,74_Best Company_USD,Green Field,Mega Trade,USD,4800.0,0.0,0.0,"INVOICE: deposit, Mega Trade to USD"
Best Company_USD,2023-02-16 05:23:00,75_Best Company_USD,Green Field,Mega Trade,USD,0.0,4800.0,72.0,"INVOICE: deposit, Mega Trade to USD"
Best Company_USD,2023-02-16 11:06:00,76_Best Company_USD,Green Field,Proxima LTD,USD,8000.0,0.0,0.0,"INVOICE: deposit, Proxima LTD to USD"
Best Company_USD,2023-02-16 11:08:00,77_Best Company_USD,Green Field,Proxima LTD,USD,0.0,8000.0,120.0,"INVOICE: deposit, Proxima LTD to USD"
Best Company_USD,2023-02-18 06:54:00,78_Best Company_USD,Green Field,Super Trader,USD,7000.0,0.0,0.0,"INVOICE: deposit, Super Trader to USD"
Best Company_USD,2023-02-18 06:56:00,79_Best Company_USD,Green Field,Super Trader,USD,0.0,7000.0,105.0,"INVOICE: deposit, Super Trader to USD"
Best Company_USD,2023-02-19 05:04:00,80_Best Company_USD,Green Field,Proxima LTD,USD,5600.0,0.0,0.0,"INVOICE: deposit, Proxima LTD to USD"
Best Company_USD,2023-02-19 05:06:00,81_Best Company_USD,Green Field,Proxima LTD,USD,0.0,5600.0,84.0,"INVOICE: deposit, Proxima LTD to USD"
Best Company_USD,2023-02-20 22:22:00,82_Best Company_USD,Green Field,Mega Trade,USD,6400.0,0.0,0.0,"INVOICE: deposit, Mega Trade to USD"
Best Company_USD,2023-02-20 22:24:00,83_Best Company_USD,Green Field,Mega Trade,USD,0.0,6400.0,96.0,"INVOICE: deposit, Mega Trade to USD"
Best Company_USD,2023-02-22 05:22:00,84_Best Company_USD,Green Field,Mega Trade,USD,3000.0,0.0,0.0,"INVOICE: deposit, Mega Trade to USD"
Best Company_USD,2023-02-22 05:24:00,85_Best Company_USD,Green Field,Mega Trade,USD,0.0,3000.0,45.0,"INVOICE: deposit, Mega Trade to USD"
Best Company_USD,2023-02-23 19:02:00,86_Best Company_USD,Green Field,Proxima LTD,USD,5600.0,0.0,0.0,"INVOICE: deposit, Proxima LTD to USD"
Best Company_USD,2023-02-23 19:04:00,87_Best Company_USD,Green Field,Proxima LTD,USD,0.0,5600.0,84.0,"INVOICE: deposit, Proxima LTD to USD"
Best Company_USD,2023-02-25 05:13:00,88_Best Company_USD,Green Field,Super Trader,USD,3500.0,0.0,0.0,"INVOICE: deposit, Super Trader to USD"
Best Company_USD,2023-02-25 05:15:00,89_Best Company_USD,Green Field,Super Trader,USD,0.0,3500.0,52.5,"INVOICE: deposit, Super Trader to USD"
Best Company_USD,2023-02-25 13:12:00,90_Best Company_USD,Green Field,Mega Trade,USD,6300.0,0.0,0.0,"INVOICE: deposit, Mega Trade to USD"
Best Company_USD,2023-02-25 13:14:00,91_Best Company_USD,Green Field,Mega Trade,USD,0.0,6300.0,94.5,"INVOICE: deposit, Mega Trade to USD"
Best Company_USD,2023-02-27 09:32:00,92_Best Company_USD,Green Field,Mega Trade,USD,7200.0,0.0,0.0,"INVOICE: deposit, Mega Trade to USD"
Best Company_USD,2023-02-27 09:34:00,93_Best Company_USD,Green Field,Mega Trade,USD,0.0,7200.0,108.0,"INVOICE: deposit, Mega Trade to USD"
Best Company_USD,2023-02-28 22:04:00,94_Best Company_USD,Green Field,Proxima LTD,USD,8000.0,0.0,0.0,"INVOICE: deposit, Proxima LTD to USD"
Best Company_USD,2023-02-28 22:06:00,95_Best Company_USD,Green Field,Proxima LTD,USD,0.0,8000.0,120.0,"INVOICE: deposit, Proxima LTD to USD"
Best Company_USD,2023-03-01 10:15:00,96_Best Company_USD,Green Field,Super Trader,USD,3600.0,0.0,0.0,"INVOICE: deposit, Super Trader to USD"
Best Company_USD,2023-03-01 10:17:00,97_Best Company_USD,Green Field,Super Trader,USD,0.0,3600.0,54.0,"INVOICE: deposit, Super Trader to USD"
Best Company_USD,2023-03-02 01:51:00,98_Best Company_USD,Green Field,Mega Trade,USD,4900.0,0.0,0.0,"INVOICE: deposit, Mega Trade to USD"
Best Company_USD,2023-03-02 01:53:00,99_Best Company_USD,Green Field,Mega Trade,USD,0.0,4900.0,73.5,"INVOICE: deposit, Mega Trade to USD"
Best Company_USD,2023-03-02 03:38:00,100_Best Company_USD,Green Field,Super Trader,USD,6000.0,0.0,0.0,"INVOICE: deposit, Super Trader to USD"
Best Company_USD,2023-03-02 03:40:00,101_Best Company_USD,Green Field,Super Trader,USD,0.0,6000.0,90.0,"INVOICE: deposit, Super Trader to USD"
Best Company_USD,2023-03-03 00:25:00,102_Best Company_USD,Green Field,Proxima LTD,USD,5600.0,0.0,0.0,"INVOICE: deposit, Proxima LTD to USD"
Best Company_USD,2023-03-03 00:27:00,103_Best Company_USD,Green Field,Proxima LTD,USD,0.0,5600.0,84.0,"INVOICE: deposit, Proxima LTD to USD"
Best Company_USD,2023-03-03 17:40:00,104_Best Company_USD,Green Field,Mega Trade,USD,6400.0,0.0,0.0,"INVOICE: deposit, Mega Trade to USD"
Best Company_USD,2023-03-03 17:42:00,105_Best Company_USD,Green Field,Mega Trade,USD,0.0,6400.0,96.0,"INVOICE: deposit, Mega Trade to USD"
Best Company_USD,2023-03-04 06:37:00,106_Best Company_USD,Green Field,Proxima LTD,USD,5600.0,0.0,0.0,"INVOICE: deposit, Proxima LTD to USD"
Best Company_USD,2023-03-04 06:39:00,107_Best Company_USD,Green Field,Proxima LTD,USD,0.0,5600.0,84.0,"INVOICE: deposit, Proxima LTD to USD"
Best Company_USD,2023-03-06 09:52:00,108_Best Company_USD,Green Field,Mega Trade,USD,7200.0,0.0,0.0,"INVOICE: deposit, Mega Trade to USD"
Best Company_USD,2023-03-06 09:54:00,109_Best Company_USD,Green Field,Mega Trade,USD,0.0,7200.0,108.0,"INVOICE: deposit, Mega Trade to USD"
Best Company_USD,2023-03-06 17:08:00,110_Best Company_USD,Green Field,Super Trader,USD,5600.0,0.0,0.0,"INVOICE: deposit, Super Trader to USD"
Best Company_USD,2023-03-06 17:10:00,111_Best Company_USD,Green Field,Super Trader,USD,0.0,5600.0,84.0,"INVOICE: deposit, Super Trader to USD"
Best Company_USD,2023-03-07 19:38:00,112_Best Company_USD,Green Field,Super Trader,USD,5600.0,0.0,0.0,"INVOICE: deposit, Super Trader to USD"
Best Company_USD,2023-03-07 19:40:00,113_Best Company_USD,Green Field,Super Trader,USD,0.0,5600.0,84.0,"INVOICE: deposit, Super Trader to USD"
Best Company_USD,2023-03-09 03:03:00,114_Best Company_USD,Green Field,Proxima LTD,USD,3600.0,0.0,0.0,"INVOICE: deposit, Proxima LTD to USD"
Best Company_USD,2023-03-09 03:05:00,115_Best Company_USD,Green Field,Proxima LTD,USD,0.0,3600.0,54.0,"INVOICE: deposit, Proxima LTD to USD"
Best Company_USD,2023-03-09 20:49:00,116_Best Company_USD,Green Field,Super Trader,USD,4200.0,0.0,0.0,"INVOICE: deposit, Super Trader to USD"
Best Company_USD,2023-03-09 20:51:00,117_Best Company_USD,Green Field,Super Trader,USD,0.0,4200.0,63.0,"INVOICE: deposit, Super Trader to USD"
Best Company_USD,2023-03-14 05:42:00,118_Best Company_USD,Green Field,Super Trader,USD,4800.0,0.0,0.0,"INVOICE: deposit, Super Trader to USD"
Best Company_USD,2023-03-14 05:44:00,119_Best Company_USD,Green Field,Super Trader,USD,0.0,4800.0,72.0,"INVOICE: deposit, Super Trader to USD"
Best Company_USD,2023-03-14 22:17:00,120_Best Company_USD,Green Field,Super Trader,USD,6400.0,0.0,0.0,"INVOICE: deposit, Super Trader to USD"
Best Company_USD,2023-03-14 22:19:00,121_Best Company_USD,Green Field,Super Trader,USD,0.0,6400.0,96.0,"INVOICE: deposit, Super Trader to USD"
Best Company_USD,2023-03-15 15:04:00,122_Best Company_USD,Green Field,Mega Trade,USD,7000.0,0.0,0.0,"INVOICE: deposit, Mega Trade to USD"
Best Company_USD,2023-03-15 15:06:00,123_Best Company_USD,Green Field,Mega Trade,USD,0.0,7000.0,105.0,"INVOICE: deposit, Mega Trade to USD"
Best Company_USD,2023-03-16 18:13:00,124_Best Company_USD,Green Field,Super Trader,USD,3000.0,0.0,0.0,"INVOICE: deposit, Super Trader to USD"
Best Company_USD,2023-03-16 18:15:00,125_Best Company_USD,Green Field,Super Trader,USD,0.0,3000.0,45.0,"INVOICE: deposit, Super Trader to USD"
Best Company_USD,2023-03-20 04:27:00,126_Best Company_USD,Green Field,Mega Trade,USD,8000.0,0.0,0.0,"INVOICE: deposit, Mega Trade to USD"
Best Company_USD,2023-03-20 04:29:00,127_Best Company_USD,Green Field,Mega Trade,USD,0.0,8000.0,120.0,"INVOICE: deposit, Mega Trade to USD"
Best Company_USD,2023-03-20 06:18:00,128_Best Company_USD,Green Field,Super Trader,USD,3600.0,0.0,0.0,"INVOICE: deposit, Super Trader to USD"
Best Company_USD,2023-03-20 06:20:00,129_Best Company_USD,Green Field,Super Trader,USD,0.0,3600.0,54.0,"INVOICE: deposit, Super Trader to USD"
Best Company_USD,2023-03-23 01:30:00,130_Best Company_USD,Green Field,Mega Trade,USD,7200.0,0.0,0.0,"INVOICE: deposit, Mega Trade to USD"
Best Company_USD,2023-03-23 01:32:00,131_Best Company_USD,Green Field,Mega Trade,USD,0.0,7200.0,108.0,"INVOICE: deposit, Mega Trade to USD"
Best Company_USD,2023-03-25 12:05:00,132_Best Company_USD,Green Field,Mega Trade,USD,8000.0,0.0,0.0,"INVOICE: deposit, Mega Trade to USD"
Best Company_USD,2023-03-25 12:07:00,133_Best Company_USD,Green Field,Mega Trade,USD,0.0,8000.0,120.0,"INVOICE: deposit, Mega Trade to USD"
Best Company_USD,2023-03-26 12:57:00,134_Best Company_USD,Green Field,Proxima LTD,USD,5400.0,0.0,0.0,"INVOICE: deposit, Proxima LTD to USD"
Best Company_USD,2023-03-26 12:59:00,135_Best Company_USD,Green Field,Proxima LTD,USD,0.0,5400.0,81.0,"INVOICE: deposit, Proxima LTD to USD"
Best Company_USD,2023-03-29 04:29:00,136_Best Company_USD,Green Field,Super Trader,USD,8000.0,0.0,0.0,"INVOICE: deposit, Super Trader to USD"
Best Company_USD,2023-03-29 04:31:00,137_Best Company_USD,Green Field,Super Trader,USD,0.0,8000.0,120.0,"INVOICE: deposit, Super Trader to USD"
Best Company_USD,2023-03-29 10:17:00,138_Best Company_USD,Green Field,Proxima LTD,USD,6400.0,0.0,0.0,"INVOICE: deposit, Proxima LTD to USD"
Best Company_USD,2023-03-29 10:19:00,139_Best Company_USD,Green Field,Proxima LTD,USD,0.0,6400.0,96.0,"INVOICE: deposit, Proxima LTD to USD"
