,account_name_banks,datetime,transaction_id_banks,provider_name,client_name,currency,commission_banks,description,transaction_id_register,provider_id,operation_type,amount,is_present_in_register
0,Best Company_EUR,2023-01-02 00:03:00,2_Best Company_EUR,Gold Fix,Mega Trade,EUR,58.800000000000004,"INVOICE: deposit, Mega Trade to EUR",2_Mega Trade_EUR,3.0,income,4200.0,True
1,Best Company_EUR,2023-01-03 13:08:00,6_Best Company_EUR,Gold Fix,Mega Trade,EUR,112.0,"INVOICE: deposit, Mega Trade to EUR",8_Mega Trade_EUR,7.0,income,8000.0,True
2,Best Company_EUR,2023-01-06 12:58:00,12_Best Company_EUR,Gold Fix,Mega Trade,EUR,67.2,"INVOICE: deposit, Mega Trade to EUR",20_Mega Trade_EUR,13.0,income,4800.0,True
3,Best Company_EUR,2023-01-07 07:10:00,16_Best Company_EUR,Gold Fix,Mega Trade,EUR,58.800000000000004,"INVOICE: deposit, Mega Trade to EUR",28_Mega Trade_EUR,17.0,income,4200.0,True
4,Best Company_EUR,2023-01-12 12:59:00,24_Best Company_EUR,Gold Fix,Mega Trade,EUR,58.800000000000004,"INVOICE: deposit, Mega Trade to EUR",52_Mega Trade_EUR,25.0,income,4200.0,True
5,Best Company_EUR,2023-01-14 02:48:00,28_Best Company_EUR,Gold Fix,Mega Trade,EUR,67.2,"INVOICE: deposit, Mega Trade to EUR",59_Mega Trade_EUR,29.0,income,4800.0,True
6,Best Company_EUR,2023-01-16 18:02:00,32_Best Company_EUR,Gold Fix,Mega Trade,EUR,89.60000000000001,"INVOICE: deposit, Mega Trade to EUR",76_Mega Trade_EUR,33.0,income,6400.0,True
7,Best Company_EUR,2023-01-21 00:51:00,36_Best Company_EUR,Gold Fix,Mega Trade,EUR,42.0,"INVOICE: deposit, Mega Trade to EUR",93_Mega Trade_EUR,37.0,income,3000.0,True
8,Best Company_EUR,2023-01-23 07:06:00,44_Best Company_EUR,Gold Fix,Mega Trade,EUR,100.8,"INVOICE: deposit, Mega Trade to EUR",106_Mega Trade_EUR,45.0,income,7200.0,True
9,Best Company_EUR,2023-01-25 17:51:00,48_Best Company_EUR,Gold Fix,Mega Trade,EUR,58.800000000000004,"INVOICE: deposit, Mega Trade to EUR",118_Mega Trade_EUR,49.0,income,4200.0,True
10,Best Company_EUR,2023-01-28 18:24:00,52_Best Company_EUR,Gold Fix,Mega Trade,EUR,78.4,"INVOICE: deposit, Mega Trade to EUR",133_Mega Trade_EUR,53.0,income,5600.0,True
11,Best Company_EUR,2023-01-30 19:02:00,56_Best Company_EUR,Gold Fix,Mega Trade,EUR,89.60000000000001,"INVOICE: deposit, Mega Trade to EUR",141_Mega Trade_EUR,57.0,income,6400.0,True
12,Best Company_EUR,2023-02-04 04:20:00,58_Best Company_EUR,Gold Fix,Mega Trade,EUR,67.2,"INVOICE: deposit, Mega Trade to EUR",157_Mega Trade_EUR,59.0,income,4800.0,True
13,Best Company_EUR,2023-02-08 20:41:00,62_Best Company_EUR,Gold Fix,Mega Trade,EUR,58.800000000000004,"INVOICE: deposit, Mega Trade to EUR",176_Mega Trade_EUR,63.0,income,4200.0,True
14,Best Company_EUR,2023-02-11 20:53:00,70_Best Company_EUR,Gold Fix,Mega Trade,EUR,98.0,"INVOICE: deposit, Mega Trade to EUR",191_Mega Trade_EUR,71.0,income,7000.0,True
15,Best Company_EUR,2023-02-13 02:50:00,72_Best Company_EUR,Gold Fix,Mega Trade,EUR,98.0,"INVOICE: deposit, Mega Trade to EUR",200_Mega Trade_EUR,73.0,income,7000.0,True
16,Best Company_EUR,2023-02-16 18:06:00,78_Best Company_EUR,Gold Fix,Mega Trade,EUR,84.0,"INVOICE: deposit, Mega Trade to EUR",221_Mega Trade_EUR,79.0,income,6000.0,True
17,Best Company_EUR,2023-02-22 21:09:00,88_Best Company_EUR,Gold Fix,Mega Trade,EUR,49.0,"INVOICE: deposit, Mega Trade to EUR",243_Mega Trade_EUR,89.0,income,3500.0,True
18,Best Company_EUR,2023-02-24 02:38:00,92_Best Company_EUR,Gold Fix,Mega Trade,EUR,42.0,"INVOICE: deposit, Mega Trade to EUR",249_Mega Trade_EUR,93.0,income,3000.0,True
19,Best Company_EUR,2023-02-24 22:53:00,94_Best Company_EUR,Gold Fix,Mega Trade,EUR,67.2,"INVOICE: deposit, Mega Trade to EUR",254_Mega Trade_EUR,95.0,income,4800.0,True
20,Best Company_EUR,2023-03-05 21:39:00,110_Best Company_EUR,Gold Fix,Mega Trade,EUR,67.2,"INVOICE: deposit, Mega Trade to EUR",303_Mega Trade_EUR,111.0,income,4800.0,True
21,Best Company_EUR,2023-03-07 10:26:00,116_Best Company_EUR,Gold Fix,Mega Trade,EUR,75.60000000000001,"INVOICE: deposit, Mega Trade to EUR",310_Mega Trade_EUR,117.0,income,5400.0,True
22,Best Company_EUR,2023-03-09 20:45:00,120_Best Company_EUR,Gold Fix,Mega Trade,EUR,89.60000000000001,"INVOICE: deposit, Mega Trade to EUR",323_Mega Trade_EUR,121.0,income,6400.0,True
23,Best Company_EUR,2023-03-13 07:56:00,126_Best Company_EUR,Gold Fix,Mega Trade,EUR,75.60000000000001,"INVOICE: deposit, Mega Trade to EUR",341_Mega Trade_EUR,127.0,income,5400.0,True
24,Best Company_EUR,2023-03-15 04:28:00,130_Best Company_EUR,Gold Fix,Mega Trade,EUR,112.0,"INVOICE: deposit, Mega Trade to EUR",349_Mega Trade_EUR,131.0,income,8000.0,True
25,Best Company_EUR,2023-03-19 12:13:00,138_Best Company_EUR,Gold Fix,Mega Trade,EUR,68.60000000000001,"INVOICE: deposit, Mega Trade to EUR",373_Mega Trade_EUR,139.0,income,4900.0,True
26,Best Company_EUR,2023-03-23 12:23:00,148_Best Company_EUR,Gold Fix,Mega Trade,EUR,67.2,"INVOICE: deposit, Mega Trade to EUR",391_Mega Trade_EUR,149.0,income,4800.0,True
27,Best Company_EUR,2023-03-25 09:48:00,152_Best Company_EUR,Gold Fix,Mega Trade,EUR,112.0,"INVOICE: deposit, Mega Trade to EUR",399_Mega Trade_EUR,153.0,income,8000.0,True
28,Best Company_EUR,2023-03-29 14:12:00,158_Best Company_EUR,Gold Fix,Mega Trade,EUR,67.2,"INVOICE: deposit, Mega Trade to EUR",416_Mega Trade_EUR,159.0,income,4800.0,True
29,Best Company_USD,2023-01-02 02:11:00,2_Best Company_USD,Gold Fix,Mega Trade,USD,100.8,"INVOICE: deposit, Mega Trade to USD",2_Mega Trade_USD,3.0,income,6300.0,True
30,Best Company_USD,2023-01-05 03:59:00,4_Best Company_USD,Gold Fix,Mega Trade,USD,86.4,"INVOICE: deposit, Mega Trade to USD",18_Mega Trade_USD,5.0,income,5400.0,True
31,Best Company_USD,2023-01-07 17:08:00,10_Best Company_USD,Gold Fix,Mega Trade,USD,89.60000000000001,"INVOICE: deposit, Mega Trade to USD",27_Mega Trade_USD,11.0,income,5600.0,True
32,Best Company_USD,2023-01-12 09:04:00,16_Best Company_USD,Gold Fix,Mega Trade,USD,57.6,"INVOICE: deposit, Mega Trade to USD",46_Mega Trade_USD,17.0,income,3600.0,True
33,Best Company_USD,2023-01-13 20:50:00,20_Best Company_USD,Gold Fix,Mega Trade,USD,112.0,"INVOICE: deposit, Mega Trade to USD",52_Mega Trade_USD,21.0,income,7000.0,True
34,Best Company_USD,2023-01-19 17:51:00,28_Best Company_USD,Gold Fix,Mega Trade,USD,115.2,"INVOICE: deposit, Mega Trade to USD",73_Mega Trade_USD,29.0,income,7200.0,True
35,Best Company_USD,2023-01-22 19:34:00,34_Best Company_USD,Gold Fix,Mega Trade,USD,57.6,"INVOICE: deposit, Mega Trade to USD",84_Mega Trade_USD,35.0,income,3600.0,True
36,Best Company_USD,2023-01-28 04:22:00,42_Best Company_USD,Gold Fix,Mega Trade,USD,76.8,"INVOICE: deposit, Mega Trade to USD",109_Mega Trade_USD,43.0,income,4800.0,True
37,Best Company_USD,2023-01-30 13:03:00,48_Best Company_USD,Gold Fix,Mega Trade,USD,89.60000000000001,"INVOICE: deposit, Mega Trade to USD",122_Mega Trade_USD,49.0,income,5600.0,True
38,Best Company_USD,2023-02-01 05:25:00,54_Best Company_USD,Gold Fix,Mega Trade,USD,56.0,"INVOICE: deposit, Mega Trade to USD",130_Mega Trade_USD,55.0,income,3500.0,True
39,Best Company_USD,2023-02-02 06:05:00,56_Best Company_USD,Gold Fix,Mega Trade,USD,102.4,"INVOICE: deposit, Mega Trade to USD",136_Mega Trade_USD,57.0,income,6400.0,True
40,Best Company_USD,2023-02-06 19:08:00,70_Best Company_USD,Gold Fix,Mega Trade,USD,100.8,"INVOICE: deposit, Mega Trade to USD",155_Mega Trade_USD,71.0,income,6300.0,True
41,Best Company_USD,2023-02-08 03:35:00,72_Best Company_USD,Gold Fix,Mega Trade,USD,102.4,"INVOICE: deposit, Mega Trade to USD",163_Mega Trade_USD,73.0,income,6400.0,True
42,Best Company_USD,2023-02-17 20:45:00,82_Best Company_USD,Gold Fix,Mega Trade,USD,56.0,"INVOICE: deposit, Mega Trade to USD",202_Mega Trade_USD,83.0,income,3500.0,True
43,Best Company_USD,2023-02-19 11:09:00,84_Best Company_USD,Gold Fix,Mega Trade,USD,78.4,"INVOICE: deposit, Mega Trade to USD",209_Mega Trade_USD,85.0,income,4900.0,True
44,Best Company_USD,2023-02-22 18:19:00,92_Best Company_USD,Gold Fix,Mega Trade,USD,112.0,"INVOICE: deposit, Mega Trade to USD",231_Mega Trade_USD,93.0,income,7000.0,True
45,Best Company_USD,2023-03-08 22:44:00,108_Best Company_USD,Gold Fix,Mega Trade,USD,76.8,"INVOICE: deposit, Mega Trade to USD",289_Mega Trade_USD,109.0,income,4800.0,True
46,Best Company_USD,2023-03-10 17:35:00,110_Best Company_USD,Gold Fix,Mega Trade,USD,89.60000000000001,"INVOICE: deposit, Mega Trade to USD",297_Mega Trade_USD,111.0,income,5600.0,True
47,Best Company_USD,2023-03-13 10:55:00,120_Best Company_USD,Gold Fix,Mega Trade,USD,89.60000000000001,"INVOICE: deposit, Mega Trade to USD",306_Mega Trade_USD,121.0,income,5600.0,True
48,Best Company_USD,2023-03-17 17:29:00,126_Best Company_USD,Gold Fix,Mega Trade,USD,100.8,"INVOICE: deposit, Mega Trade to USD",323_Mega Trade_USD,127.0,income,6300.0,True
49,Best Company_USD,2023-03-22 11:15:00,136_Best Company_USD,Gold Fix,Mega Trade,USD,57.6,"INVOICE: deposit, Mega Trade to USD",344_Mega Trade_USD,137.0,income,3600.0,True
50,Best Company_USD,2023-03-28 07:33:00,146_Best Company_USD,Gold Fix,Mega Trade,USD,57.6,"INVOICE: deposit, Mega Trade to USD",371_Mega Trade_USD,147.0,income,3600.0,True
51,Best Company_USD,2023-03-29 10:24:00,150_Best Company_USD,Gold Fix,Mega Trade,USD,67.2,"INVOICE: deposit, Mega Trade to USD",377_Mega Trade_USD,151.0,income,4200.0,True
52,Best Company_USD,2023-03-31 00:30:00,152_Best Company_USD,Gold Fix,Mega Trade,USD,100.8,"INVOICE: deposit, Mega Trade to USD",383_Mega Trade_USD,153.0,income,6300.0,True
53,Best Company_EUR,2023-01-08 15:21:00,12_Best Company_EUR,Green Field,Mega Trade,EUR,93.6,"INVOICE: deposit, Mega Trade to EUR",35_Mega Trade_EUR,13.0,income,7200.0,True
54,Best Company_EUR,2023-01-10 12:16:00,14_Best Company_EUR,Green Field,Mega Trade,EUR,54.599999999999994,"INVOICE: deposit, Mega Trade to EUR",45_Mega Trade_EUR,15.0,income,4200.0,True
55,Best Company_EUR,2023-01-14 19:41:00,18_Best Company_EUR,Green Field,Mega Trade,EUR,81.89999999999999,"INVOICE: deposit, Mega Trade to EUR",66_Mega Trade_EUR,19.0,income,6300.0,True
56,Best Company_EUR,2023-01-19 12:37:00,28_Best Company_EUR,Green Field,Mega Trade,EUR,54.599999999999994,"INVOICE: deposit, Mega Trade to EUR",86_Mega Trade_EUR,29.0,income,4200.0,True
57,Best Company_EUR,2023-01-21 23:56:00,34_Best Company_EUR,Green Field,Mega Trade,EUR,72.8,"INVOICE: deposit, Mega Trade to EUR",98_Mega Trade_EUR,35.0,income,5600.0,True
58,Best Company_EUR,2023-01-26 19:17:00,40_Best Company_EUR,Green Field,Mega Trade,EUR,70.2,"INVOICE: deposit, Mega Trade to EUR",125_Mega Trade_EUR,41.0,income,5400.0,True
59,Best Company_EUR,2023-02-02 15:54:00,52_Best Company_EUR,Green Field,Mega Trade,EUR,54.599999999999994,"INVOICE: deposit, Mega Trade to EUR",151_Mega Trade_EUR,53.0,income,4200.0,True
60,Best Company_EUR,2023-02-05 07:06:00,56_Best Company_EUR,Green Field,Mega Trade,EUR,104.0,"INVOICE: deposit, Mega Trade to EUR",164_Mega Trade_EUR,57.0,income,8000.0,True
61,Best Company_EUR,2023-02-10 07:58:00,66_Best Company_EUR,Green Field,Mega Trade,EUR,62.4,"INVOICE: deposit, Mega Trade to EUR",183_Mega Trade_EUR,67.0,income,4800.0,True
62,Best Company_EUR,2023-02-14 23:01:00,70_Best Company_EUR,Green Field,Mega Trade,EUR,93.6,"INVOICE: deposit, Mega Trade to EUR",211_Mega Trade_EUR,71.0,income,7200.0,True
63,Best Company_EUR,2023-02-19 09:09:00,78_Best Company_EUR,Green Field,Mega Trade,EUR,104.0,"INVOICE: deposit, Mega Trade to EUR",231_Mega Trade_EUR,79.0,income,8000.0,True
64,Best Company_EUR,2023-02-26 22:59:00,86_Best Company_EUR,Green Field,Mega Trade,EUR,63.699999999999996,"INVOICE: deposit, Mega Trade to EUR",263_Mega Trade_EUR,87.0,income,4900.0,True
65,Best Company_EUR,2023-02-28 13:49:00,92_Best Company_EUR,Green Field,Mega Trade,EUR,91.0,"INVOICE: deposit, Mega Trade to EUR",271_Mega Trade_EUR,93.0,income,7000.0,True
66,Best Company_EUR,2023-03-02 08:29:00,94_Best Company_EUR,Green Field,Mega Trade,EUR,72.8,"INVOICE: deposit, Mega Trade to EUR",281_Mega Trade_EUR,95.0,income,5600.0,True
67,Best Company_EUR,2023-03-03 12:52:00,96_Best Company_EUR,Green Field,Mega Trade,EUR,62.4,"INVOICE: deposit, Mega Trade to EUR",289_Mega Trade_EUR,97.0,income,4800.0,True
68,Best Company_EUR,2023-03-04 23:10:00,100_Best Company_EUR,Green Field,Mega Trade,EUR,46.8,"INVOICE: deposit, Mega Trade to EUR",297_Mega Trade_EUR,101.0,income,3600.0,True
69,Best Company_EUR,2023-03-09 00:51:00,104_Best Company_EUR,Green Field,Mega Trade,EUR,39.0,"INVOICE: deposit, Mega Trade to EUR",318_Mega Trade_EUR,105.0,income,3000.0,True
70,Best Company_EUR,2023-03-11 16:22:00,108_Best Company_EUR,Green Field,Mega Trade,EUR,70.2,"INVOICE: deposit, Mega Trade to EUR",334_Mega Trade_EUR,109.0,income,5400.0,True
71,Best Company_EUR,2023-03-17 08:27:00,120_Best Company_EUR,Green Field,Mega Trade,EUR,46.8,"INVOICE: deposit, Mega Trade to EUR",361_Mega Trade_EUR,121.0,income,3600.0,True
72,Best Company_EUR,2023-03-18 14:39:00,124_Best Company_EUR,Green Field,Mega Trade,EUR,54.599999999999994,"INVOICE: deposit, Mega Trade to EUR",367_Mega Trade_EUR,125.0,income,4200.0,True
73,Best Company_EUR,2023-03-21 05:15:00,126_Best Company_EUR,Green Field,Mega Trade,EUR,91.0,"INVOICE: deposit, Mega Trade to EUR",381_Mega Trade_EUR,127.0,income,7000.0,True
74,Best Company_EUR,2023-03-28 02:30:00,134_Best Company_EUR,Green Field,Mega Trade,EUR,46.8,"INVOICE: deposit, Mega Trade to EUR",410_Mega Trade_EUR,135.0,income,3600.0,True
75,Best Company_EUR,2023-03-30 11:29:00,136_Best Company_EUR,Green Field,Mega Trade,EUR,46.8,"INVOICE: deposit, Mega Trade to EUR",423_Mega Trade_EUR,137.0,income,3600.0,True
76,Best Company_EUR,2023-03-31 13:33:00,138_Best Company_EUR,Green Field,Mega Trade,EUR,91.0,"INVOICE: deposit, Mega Trade to EUR",429_Mega Trade_EUR,139.0,income,7000.0,True
77,Best Company_USD,2023-01-04 00:21:00,8_Best Company_USD,Green Field,Mega Trade,USD,72.0,"INVOICE: deposit, Mega Trade to USD",11_Mega Trade_USD,9.0,income,4800.0,True
78,Best Company_USD,2023-01-10 06:09:00,20_Best Company_USD,Green Field,Mega Trade,USD,90.0,"INVOICE: deposit, Mega Trade to USD",35_Mega Trade_USD,21.0,income,6000.0,True
79,Best Company_USD,2023-01-16 19:45:00,28_Best Company_USD,Green Field,Mega Trade,USD,108.0,"INVOICE: deposit, Mega Trade to USD",62_Mega Trade_USD,29.0,income,7200.0,True
80,Best Company_USD,2023-01-24 02:35:00,34_Best Company_USD,Green Field,Mega Trade,USD,120.0,"INVOICE: deposit, Mega Trade to USD",90_Mega Trade_USD,35.0,income,8000.0,True
81,Best Company_USD,2023-01-27 08:42:00,42_Best Company_USD,Green Field,Mega Trade,USD,63.0,"INVOICE: deposit, Mega Trade to USD",102_Mega Trade_USD,43.0,income,4200.0,True
82,Best Company_USD,2023-01-29 17:45:00,44_Best Company_USD,Green Field,Mega Trade,USD,45.0,"INVOICE: deposit, Mega Trade to USD",117_Mega Trade_USD,45.0,income,3000.0,True
83,Best Company_USD,2023-02-03 23:39:00,52_Best Company_USD,Green Field,Mega Trade,USD,94.5,"INVOICE: deposit, Mega Trade to USD",146_Mega Trade_USD,53.0,income,6300.0,True
84,Best Company_USD,2023-02-10 11:44:00,60_Best Company_USD,Green Field,Mega Trade,USD,63.0,"INVOICE: deposit, Mega Trade to USD",173_Mega Trade_USD,61.0,income,4200.0,True
85,Best Company_USD,2023-02-12 02:59:00,62_Best Company_USD,Green Field,Mega Trade,USD,63.0,"INVOICE: deposit, Mega Trade to USD",180_Mega Trade_USD,63.0,income,4200.0,True
86,Best Company_USD,2023-02-13 19:38:00,66_Best Company_USD,Green Field,Mega Trade,USD,72.0,"INVOICE: deposit, Mega Trade to USD",186_Mega Trade_USD,67.0,income,4800.0,True
87,Best Company_USD,2023-02-16 05:21:00,74_Best Company_USD,Green Field,Mega Trade,USD,72.0,"INVOICE: deposit, Mega Trade to USD",194_Mega Trade_USD,75.0,income,4800.0,True
88,Best Company_USD,2023-02-20 22:22:00,82_Best Company_USD,Green Field,Mega Trade,USD,96.0,"INVOICE: deposit, Mega Trade to USD",216_Mega Trade_USD,83.0,income,6400.0,True
89,Best Company_USD,2023-02-22 05:22:00,84_Best Company_USD,Green Field,Mega Trade,USD,45.0,"INVOICE: deposit, Mega Trade to USD",226_Mega Trade_USD,85.0,income,3000.0,True
90,Best Company_USD,2023-02-25 13:12:00,90_Best Company_USD,Green Field,Mega Trade,USD,94.5,"INVOICE: deposit, Mega Trade to USD",241_Mega Trade_USD,91.0,income,6300.0,True
91,Best Company_USD,2023-02-27 09:32:00,92_Best Company_USD,Green Field,Mega Trade,USD,108.0,"INVOICE: deposit, Mega Trade to USD",250_Mega Trade_USD,93.0,income,7200.0,True
92,Best Company_USD,2023-03-02 01:51:00,98_Best Company_USD,Green Field,Mega Trade,USD,73.5,"INVOICE: deposit, Mega Trade to USD",262_Mega Trade_USD,99.0,income,4900.0,True
93,Best Company_USD,2023-03-03 17:40:00,104_Best Company_USD,Green Field,Mega Trade,USD,96.0,"INVOICE: deposit, Mega Trade to USD",269_Mega Trade_USD,105.0,income,6400.0,True
94,Best Company_USD,2023-03-06 09:52:00,108_Best Company_USD,Green Field,Mega Trade,USD,108.0,"INVOICE: deposit, Mega Trade to USD",279_Mega Trade_USD,109.0,income,7200.0,True
95,Best Company_USD,2023-03-15 15:04:00,122_Best Company_USD,Green Field,Mega Trade,USD,105.0,"INVOICE: deposit, Mega Trade to USD",315_Mega Trade_USD,123.0,income,7000.0,True
96,Best Company_USD,2023-03-20 04:27:00,126_Best Company_USD,Green Field,Mega Trade,USD,120.0,"INVOICE: deposit, Mega Trade to USD",333_Mega Trade_USD,127.0,income,8000.0,True
97,Best Company_USD,2023-03-23 01:30:00,130_Best Company_USD,Green Field,Mega Trade,USD,108.0,"INVOICE: deposit, Mega Trade to USD",349_Mega Trade_USD,131.0,income,7200.0,True
98,Best Company_USD,2023-03-25 12:05:00,132_Best Company_USD,Green Field,Mega Trade,USD,120.0,"INVOICE: deposit, Mega Trade to USD",359_Mega Trade_USD,133.0,income,8000.0,True
99,Best Company_EUR,2023-01-02 00:04:00,4_Best Company_EUR,Gold Fix,Proxima LTD,EUR,58.800000000000004,"INVOICE: deposit, Proxima LTD to EUR",2_Proxima LTD_EUR,5.0,income,4200.0,True
100,Best Company_EUR,2023-01-04 16:29:00,10_Best Company_EUR,Gold Fix,Proxima LTD,EUR,112.0,"INVOICE: deposit, Proxima LTD to EUR",17_Proxima LTD_EUR,11.0,income,8000.0,True
101,Best Company_EUR,2023-01-09 07:00:00,18_Best Company_EUR,Gold Fix,Proxima LTD,EUR,42.0,"INVOICE: deposit, Proxima LTD to EUR",43_Proxima LTD_EUR,19.0,income,3000.0,True
102,Best Company_EUR,2023-01-10 16:21:00,22_Best Company_EUR,Gold Fix,Proxima LTD,EUR,75.60000000000001,"INVOICE: deposit, Proxima LTD to EUR",48_Proxima LTD_EUR,23.0,income,5400.0,True
103,Best Company_EUR,2023-01-12 13:13:00,26_Best Company_EUR,Gold Fix,Proxima LTD,EUR,98.0,"INVOICE: deposit, Proxima LTD to EUR",56_Proxima LTD_EUR,27.0,income,7000.0,True
104,Best Company_EUR,2023-01-15 01:55:00,30_Best Company_EUR,Gold Fix,Proxima LTD,EUR,84.0,"INVOICE: deposit, Proxima LTD to EUR",67_Proxima LTD_EUR,31.0,income,6000.0,True
105,Best Company_EUR,2023-01-18 19:33:00,34_Best Company_EUR,Gold Fix,Proxima LTD,EUR,56.0,"INVOICE: deposit, Proxima LTD to EUR",84_Proxima LTD_EUR,35.0,income,4000.0,True
106,Best Company_EUR,2023-01-21 04:08:00,38_Best Company_EUR,Gold Fix,Proxima LTD,EUR,67.2,"INVOICE: deposit, Proxima LTD to EUR",99_Proxima LTD_EUR,39.0,income,4800.0,True
107,Best Company_EUR,2023-01-22 17:37:00,42_Best Company_EUR,Gold Fix,Proxima LTD,EUR,98.0,"INVOICE: deposit, Proxima LTD to EUR",106_Proxima LTD_EUR,43.0,income,7000.0,True
108,Best Company_EUR,2023-01-26 22:00:00,50_Best Company_EUR,Gold Fix,Proxima LTD,EUR,112.0,"INVOICE: deposit, Proxima LTD to EUR",123_Proxima LTD_EUR,51.0,income,8000.0,True
109,Best Company_EUR,2023-02-05 09:02:00,60_Best Company_EUR,Gold Fix,Proxima LTD,EUR,75.60000000000001,"INVOICE: deposit, Proxima LTD to EUR",161_Proxima LTD_EUR,61.0,income,5400.0,True
110,Best Company_EUR,2023-02-11 11:56:00,68_Best Company_EUR,Gold Fix,Proxima LTD,EUR,112.0,"INVOICE: deposit, Proxima LTD to EUR",186_Proxima LTD_EUR,69.0,income,8000.0,True
111,Best Company_EUR,2023-02-13 09:56:00,74_Best Company_EUR,Gold Fix,Proxima LTD,EUR,78.4,"INVOICE: deposit, Proxima LTD to EUR",197_Proxima LTD_EUR,75.0,income,5600.0,True
112,Best Company_EUR,2023-02-26 19:00:00,100_Best Company_EUR,Gold Fix,Proxima LTD,EUR,50.4,"INVOICE: deposit, Proxima LTD to EUR",252_Proxima LTD_EUR,101.0,income,3600.0,True
113,Best Company_EUR,2023-03-01 04:17:00,104_Best Company_EUR,Gold Fix,Proxima LTD,EUR,58.800000000000004,"INVOICE: deposit, Proxima LTD to EUR",265_Proxima LTD_EUR,105.0,income,4200.0,True
114,Best Company_EUR,2023-03-02 05:36:00,106_Best Company_EUR,Gold Fix,Proxima LTD,EUR,89.60000000000001,"INVOICE: deposit, Proxima LTD to EUR",271_Proxima LTD_EUR,107.0,income,6400.0,True
115,Best Company_EUR,2023-03-06 14:18:00,114_Best Company_EUR,Gold Fix,Proxima LTD,EUR,49.0,"INVOICE: deposit, Proxima LTD to EUR",289_Proxima LTD_EUR,115.0,income,3500.0,True
116,Best Company_EUR,2023-03-08 10:03:00,118_Best Company_EUR,Gold Fix,Proxima LTD,EUR,98.0,"INVOICE: deposit, Proxima LTD to EUR",294_Proxima LTD_EUR,119.0,income,7000.0,True
117,Best Company_EUR,2023-03-12 00:45:00,124_Best Company_EUR,Gold Fix,Proxima LTD,EUR,89.60000000000001,"INVOICE: deposit, Proxima LTD to EUR",312_Proxima LTD_EUR,125.0,income,6400.0,True
118,Best Company_EUR,2023-03-18 12:33:00,132_Best Company_EUR,Gold Fix,Proxima LTD,EUR,56.0,"INVOICE: deposit, Proxima LTD to EUR",345_Proxima LTD_EUR,133.0,income,4000.0,True
119,Best Company_EUR,2023-03-19 09:06:00,136_Best Company_EUR,Gold Fix,Proxima LTD,EUR,58.800000000000004,"INVOICE: deposit, Proxima LTD to EUR",351_Proxima LTD_EUR,137.0,income,4200.0,True
120,Best Company_EUR,2023-03-20 18:02:00,142_Best Company_EUR,Gold Fix,Proxima LTD,EUR,100.8,"INVOICE: deposit, Proxima LTD to EUR",359_Proxima LTD_EUR,143.0,income,7200.0,True
121,Best Company_EUR,2023-03-22 21:44:00,146_Best Company_EUR,Gold Fix,Proxima LTD,EUR,84.0,"INVOICE: deposit, Proxima LTD to EUR",370_Proxima LTD_EUR,147.0,income,6000.0,True
122,Best Company_EUR,2023-03-28 02:41:00,156_Best Company_EUR,Gold Fix,Proxima LTD,EUR,67.2,"INVOICE: deposit, Proxima LTD to EUR",394_Proxima LTD_EUR,157.0,income,4800.0,True
123,Best Company_EUR,2023-03-30 04:51:00,162_Best Company_EUR,Gold Fix,Proxima LTD,EUR,50.4,"INVOICE: deposit, Proxima LTD to EUR",402_Proxima LTD_EUR,163.0,income,3600.0,True
124,Best Company_USD,2023-01-09 04:56:00,12_Best Company_USD,Gold Fix,Proxima LTD,USD,67.2,"INVOICE: deposit, Proxima LTD to USD",27_Proxima LTD_USD,13.0,income,4200.0,True
125,Best Company_USD,2023-01-13 09:44:00,18_Best Company_USD,Gold Fix,Proxima LTD,USD,78.4,"INVOICE: deposit, Proxima LTD to USD",49_Proxima LTD_USD,19.0,income,4900.0,True
126,Best Company_USD,2023-01-15 06:06:00,24_Best Company_USD,Gold Fix,Proxima LTD,USD,56.0,"INVOICE: deposit, Proxima LTD to USD",57_Proxima LTD_USD,25.0,income,3500.0,True
127,Best Company_USD,2023-01-22 07:12:00,32_Best Company_USD,Gold Fix,Proxima LTD,USD,89.60000000000001,"INVOICE: deposit, Proxima LTD to USD",80_Proxima LTD_USD,33.0,income,5600.0,True
128,Best Company_USD,2023-01-25 11:53:00,38_Best Company_USD,Gold Fix,Proxima LTD,USD,100.8,"INVOICE: deposit, Proxima LTD to USD",95_Proxima LTD_USD,39.0,income,6300.0,True
129,Best Company_USD,2023-01-28 04:24:00,44_Best Company_USD,Gold Fix,Proxima LTD,USD,86.4,"INVOICE: deposit, Proxima LTD to USD",113_Proxima LTD_USD,45.0,income,5400.0,True
130,Best Company_USD,2023-01-31 12:56:00,52_Best Company_USD,Gold Fix,Proxima LTD,USD,78.4,"INVOICE: deposit, Proxima LTD to USD",126_Proxima LTD_USD,53.0,income,4900.0,True
131,Best Company_USD,2023-02-03 02:36:00,58_Best Company_USD,Gold Fix,Proxima LTD,USD,56.0,"INVOICE: deposit, Proxima LTD to USD",140_Proxima LTD_USD,59.0,income,3500.0,True
132,Best Company_USD,2023-02-03 16:34:00,62_Best Company_USD,Gold Fix,Proxima LTD,USD,89.60000000000001,"INVOICE: deposit, Proxima LTD to USD",145_Proxima LTD_USD,63.0,income,5600.0,True
133,Best Company_USD,2023-02-05 13:02:00,66_Best Company_USD,Gold Fix,Proxima LTD,USD,67.2,"INVOICE: deposit, Proxima LTD to USD",155_Proxima LTD_USD,67.0,income,4200.0,True
134,Best Company_USD,2023-02-20 06:16:00,86_Best Company_USD,Gold Fix,Proxima LTD,USD,112.0,"INVOICE: deposit, Proxima LTD to USD",230_Proxima LTD_USD,87.0,income,7000.0,True
135,Best Company_USD,2023-02-22 12:22:00,90_Best Company_USD,Gold Fix,Proxima LTD,USD,89.60000000000001,"INVOICE: deposit, Proxima LTD to USD",240_Proxima LTD_USD,91.0,income,5600.0,True
136,Best Company_USD,2023-02-26 01:29:00,96_Best Company_USD,Gold Fix,Proxima LTD,USD,102.4,"INVOICE: deposit, Proxima LTD to USD",256_Proxima LTD_USD,97.0,income,6400.0,True
137,Best Company_USD,2023-03-06 01:43:00,104_Best Company_USD,Gold Fix,Proxima LTD,USD,78.4,"INVOICE: deposit, Proxima LTD to USD",295_Proxima LTD_USD,105.0,income,4900.0,True
138,Best Company_USD,2023-03-07 04:21:00,106_Best Company_USD,Gold Fix,Proxima LTD,USD,115.2,"INVOICE: deposit, Proxima LTD to USD",301_Proxima LTD_USD,107.0,income,7200.0,True
139,Best Company_USD,2023-03-11 03:08:00,114_Best Company_USD,Gold Fix,Proxima LTD,USD,78.4,"INVOICE: deposit, Proxima LTD to USD",318_Proxima LTD_USD,115.0,income,4900.0,True
140,Best Company_USD,2023-03-13 02:47:00,118_Best Company_USD,Gold Fix,Proxima LTD,USD,86.4,"INVOICE: deposit, Proxima LTD to USD",326_Proxima LTD_USD,119.0,income,5400.0,True
141,Best Company_USD,2023-03-15 12:11:00,122_Best Company_USD,Gold Fix,Proxima LTD,USD,112.0,"INVOICE: deposit, Proxima LTD to USD",335_Proxima LTD_USD,123.0,income,7000.0,True
142,Best Company_USD,2023-03-16 22:32:00,124_Best Company_USD,Gold Fix,Proxima LTD,USD,76.8,"INVOICE: deposit, Proxima LTD to USD",345_Proxima LTD_USD,125.0,income,4800.0,True
143,Best Company_USD,2023-03-19 12:01:00,130_Best Company_USD,Gold Fix,Proxima LTD,USD,76.8,"INVOICE: deposit, Proxima LTD to USD",353_Proxima LTD_USD,131.0,income,4800.0,True
144,Best Company_USD,2023-03-21 05:11:00,132_Best Company_USD,Gold Fix,Proxima LTD,USD,128.0,"INVOICE: deposit, Proxima LTD to USD",359_Proxima LTD_USD,133.0,income,8000.0,True
145,Best Company_USD,2023-03-24 19:48:00,140_Best Company_USD,Gold Fix,Proxima LTD,USD,89.60000000000001,"INVOICE: deposit, Proxima LTD to USD",372_Proxima LTD_USD,141.0,income,5600.0,True
146,Best Company_USD,2023-03-28 07:42:00,148_Best Company_USD,Gold Fix,Proxima LTD,USD,86.4,"INVOICE: deposit, Proxima LTD to USD",389_Proxima LTD_USD,149.0,income,5400.0,True
147,Best Company_USD,2023-03-31 07:39:00,154_Best Company_USD,Gold Fix,Proxima LTD,USD,76.8,"INVOICE: deposit, Proxima LTD to USD",406_Proxima LTD_USD,155.0,income,4800.0,True
148,Best Company_EUR,2023-01-03 06:08:00,4_Best Company_EUR,Green Field,Proxima LTD,EUR,81.89999999999999,"INVOICE: deposit, Proxima LTD to EUR",8_Proxima LTD_EUR,5.0,income,6300.0,True
149,Best Company_EUR,2023-01-06 15:46:00,8_Best Company_EUR,Green Field,Proxima LTD,EUR,46.8,"INVOICE: deposit, Proxima LTD to EUR",28_Proxima LTD_EUR,9.0,income,3600.0,True
150,Best Company_EUR,2023-01-07 17:10:00,10_Best Company_EUR,Green Field,Proxima LTD,EUR,72.8,"INVOICE: deposit, Proxima LTD to EUR",35_Proxima LTD_EUR,11.0,income,5600.0,True
151,Best Company_EUR,2023-01-17 03:17:00,24_Best Company_EUR,Green Field,Proxima LTD,EUR,72.8,"INVOICE: deposit, Proxima LTD to EUR",75_Proxima LTD_EUR,25.0,income,5600.0,True
152,Best Company_EUR,2023-01-19 18:04:00,30_Best Company_EUR,Green Field,Proxima LTD,EUR,63.699999999999996,"INVOICE: deposit, Proxima LTD to EUR",90_Proxima LTD_EUR,31.0,income,4900.0,True
153,Best Company_EUR,2023-01-24 15:53:00,38_Best Company_EUR,Green Field,Proxima LTD,EUR,54.599999999999994,"INVOICE: deposit, Proxima LTD to EUR",116_Proxima LTD_EUR,39.0,income,4200.0,True
154,Best Company_EUR,2023-01-29 06:53:00,44_Best Company_EUR,Green Field,Proxima LTD,EUR,63.699999999999996,"INVOICE: deposit, Proxima LTD to EUR",135_Proxima LTD_EUR,45.0,income,4900.0,True
155,Best Company_EUR,2023-01-30 19:01:00,46_Best Company_EUR,Green Field,Proxima LTD,EUR,104.0,"INVOICE: deposit, Proxima LTD to EUR",142_Proxima LTD_EUR,47.0,income,8000.0,True
156,Best Company_EUR,2023-02-02 12:50:00,50_Best Company_EUR,Green Field,Proxima LTD,EUR,81.89999999999999,"INVOICE: deposit, Proxima LTD to EUR",153_Proxima LTD_EUR,51.0,income,6300.0,True
157,Best Company_EUR,2023-02-07 13:32:00,60_Best Company_EUR,Green Field,Proxima LTD,EUR,93.6,"INVOICE: deposit, Proxima LTD to EUR",169_Proxima LTD_EUR,61.0,income,7200.0,True
158,Best Company_EUR,2023-02-10 01:53:00,64_Best Company_EUR,Green Field,Proxima LTD,EUR,70.2,"INVOICE: deposit, Proxima LTD to EUR",179_Proxima LTD_EUR,65.0,income,5400.0,True
159,Best Company_EUR,2023-02-15 23:27:00,74_Best Company_EUR,Green Field,Proxima LTD,EUR,91.0,"INVOICE: deposit, Proxima LTD to EUR",205_Proxima LTD_EUR,75.0,income,7000.0,True
160,Best Company_EUR,2023-02-18 13:35:00,76_Best Company_EUR,Green Field,Proxima LTD,EUR,62.4,"INVOICE: deposit, Proxima LTD to EUR",215_Proxima LTD_EUR,77.0,income,4800.0,True
161,Best Company_EUR,2023-02-20 18:03:00,80_Best Company_EUR,Green Field,Proxima LTD,EUR,81.89999999999999,"INVOICE: deposit, Proxima LTD to EUR",222_Proxima LTD_EUR,81.0,income,6300.0,True
162,Best Company_EUR,2023-02-22 09:23:00,82_Best Company_EUR,Green Field,Proxima LTD,EUR,72.8,"INVOICE: deposit, Proxima LTD to EUR",232_Proxima LTD_EUR,83.0,income,5600.0,True
163,Best Company_EUR,2023-02-24 02:40:00,84_Best Company_EUR,Green Field,Proxima LTD,EUR,104.0,"INVOICE: deposit, Proxima LTD to EUR",239_Proxima LTD_EUR,85.0,income,8000.0,True
164,Best Company_EUR,2023-02-27 13:37:00,88_Best Company_EUR,Green Field,Proxima LTD,EUR,54.599999999999994,"INVOICE: deposit, Proxima LTD to EUR",258_Proxima LTD_EUR,89.0,income,4200.0,True
165,Best Company_EUR,2023-03-04 13:14:00,98_Best Company_EUR,Green Field,Proxima LTD,EUR,70.2,"INVOICE: deposit, Proxima LTD to EUR",281_Proxima LTD_EUR,99.0,income,5400.0,True
166,Best Company_EUR,2023-03-10 02:42:00,106_Best Company_EUR,Green Field,Proxima LTD,EUR,70.2,"INVOICE: deposit, Proxima LTD to EUR",304_Proxima LTD_EUR,107.0,income,5400.0,True
167,Best Company_EUR,2023-03-13 05:50:00,110_Best Company_EUR,Green Field,Proxima LTD,EUR,62.4,"INVOICE: deposit, Proxima LTD to EUR",320_Proxima LTD_EUR,111.0,income,4800.0,True
168,Best Company_EUR,2023-03-14 09:37:00,114_Best Company_EUR,Green Field,Proxima LTD,EUR,62.4,"INVOICE: deposit, Proxima LTD to EUR",327_Proxima LTD_EUR,115.0,income,4800.0,True
169,Best Company_EUR,2023-03-16 04:27:00,118_Best Company_EUR,Green Field,Proxima LTD,EUR,104.0,"INVOICE: deposit, Proxima LTD to EUR",334_Proxima LTD_EUR,119.0,income,8000.0,True
170,Best Company_EUR,2023-03-24 03:25:00,128_Best Company_EUR,Green Field,Proxima LTD,EUR,63.699999999999996,"INVOICE: deposit, Proxima LTD to EUR",378_Proxima LTD_EUR,129.0,income,4900.0,True
171,Best Company_EUR,2023-03-26 15:53:00,130_Best Company_EUR,Green Field,Proxima LTD,EUR,62.4,"INVOICE: deposit, Proxima LTD to EUR",387_Proxima LTD_EUR,131.0,income,4800.0,True
172,Best Company_EUR,2023-03-31 16:40:00,140_Best Company_EUR,Green Field,Proxima LTD,EUR,54.599999999999994,"INVOICE: deposit, Proxima LTD to EUR",408_Proxima LTD_EUR,141.0,income,4200.0,True
173,Best Company_USD,2023-01-02 02:10:00,4_Best Company_USD,Green Field,Proxima LTD,USD,90.0,"INVOICE: deposit, Proxima LTD to USD",2_Proxima LTD_USD,5.0,income,6000.0,True
174,Best Company_USD,2023-01-04 02:37:00,10_Best Company_USD,Green Field,Proxima LTD,USD,84.0,"INVOICE: deposit, Proxima LTD to USD",9_Proxima LTD_USD,11.0,income,5600.0,True
175,Best Company_USD,2023-01-06 07:00:00,12_Best Company_USD,Green Field,Proxima LTD,USD,90.0,"INVOICE: deposit, Proxima LTD to USD",18_Proxima LTD_USD,13.0,income,6000.0,True
176,Best Company_USD,2023-01-10 03:13:00,18_Best Company_USD,Green Field,Proxima LTD,USD,72.0,"INVOICE: deposit, Proxima LTD to USD",33_Proxima LTD_USD,19.0,income,4800.0,True
177,Best Company_USD,2023-01-11 17:06:00,22_Best Company_USD,Green Field,Proxima LTD,USD,72.0,"INVOICE: deposit, Proxima LTD to USD",41_Proxima LTD_USD,23.0,income,4800.0,True
178,Best Company_USD,2023-01-16 02:07:00,26_Best Company_USD,Green Field,Proxima LTD,USD,84.0,"INVOICE: deposit, Proxima LTD to USD",63_Proxima LTD_USD,27.0,income,5600.0,True
179,Best Company_USD,2023-01-19 12:40:00,32_Best Company_USD,Green Field,Proxima LTD,USD,84.0,"INVOICE: deposit, Proxima LTD to USD",72_Proxima LTD_USD,33.0,income,5600.0,True
180,Best Company_USD,2023-01-24 02:39:00,36_Best Company_USD,Green Field,Proxima LTD,USD,81.0,"INVOICE: deposit, Proxima LTD to USD",88_Proxima LTD_USD,37.0,income,5400.0,True
181,Best Company_USD,2023-01-26 19:04:00,40_Best Company_USD,Green Field,Proxima LTD,USD,72.0,"INVOICE: deposit, Proxima LTD to USD",105_Proxima LTD_USD,41.0,income,4800.0,True
182,Best Company_USD,2023-01-30 12:51:00,46_Best Company_USD,Green Field,Proxima LTD,USD,45.0,"INVOICE: deposit, Proxima LTD to USD",121_Proxima LTD_USD,47.0,income,3000.0,True
183,Best Company_USD,2023-02-02 06:04:00,50_Best Company_USD,Green Field,Proxima LTD,USD,52.5,"INVOICE: deposit, Proxima LTD to USD",134_Proxima LTD_USD,51.0,income,3500.0,True
184,Best Company_USD,2023-02-07 05:17:00,54_Best Company_USD,Green Field,Proxima LTD,USD,60.0,"INVOICE: deposit, Proxima LTD to USD",162_Proxima LTD_USD,55.0,income,4000.0,True
185,Best Company_USD,2023-02-09 02:39:00,56_Best Company_USD,Green Field,Proxima LTD,USD,72.0,"INVOICE: deposit, Proxima LTD to USD",170_Proxima LTD_USD,57.0,income,4800.0,True
186,Best Company_USD,2023-02-10 03:51:00,58_Best Company_USD,Green Field,Proxima LTD,USD,90.0,"INVOICE: deposit, Proxima LTD to USD",177_Proxima LTD_USD,59.0,income,6000.0,True
187,Best Company_USD,2023-02-12 09:20:00,64_Best Company_USD,Green Field,Proxima LTD,USD,90.0,"INVOICE: deposit, Proxima LTD to USD",186_Proxima LTD_USD,65.0,income,6000.0,True
188,Best Company_USD,2023-02-14 05:20:00,70_Best Company_USD,Green Field,Proxima LTD,USD,72.0,"INVOICE: deposit, Proxima LTD to USD",195_Proxima LTD_USD,71.0,income,4800.0,True
189,Best Company_USD,2023-02-15 01:44:00,72_Best Company_USD,Green Field,Proxima LTD,USD,90.0,"INVOICE: deposit, Proxima LTD to USD",203_Proxima LTD_USD,73.0,income,6000.0,True
190,Best Company_USD,2023-02-16 11:06:00,76_Best Company_USD,Green Field,Proxima LTD,USD,120.0,"INVOICE: deposit, Proxima LTD to USD",211_Proxima LTD_USD,77.0,income,8000.0,True
191,Best Company_USD,2023-02-19 05:04:00,80_Best Company_USD,Green Field,Proxima LTD,USD,84.0,"INVOICE: deposit, Proxima LTD to USD",222_Proxima LTD_USD,81.0,income,5600.0,True
192,Best Company_USD,2023-02-23 19:02:00,86_Best Company_USD,Green Field,Proxima LTD,USD,84.0,"INVOICE: deposit, Proxima LTD to USD",248_Proxima LTD_USD,87.0,income,5600.0,True
193,Best Company_USD,2023-02-28 22:04:00,94_Best Company_USD,Green Field,Proxima LTD,USD,120.0,"INVOICE: deposit, Proxima LTD to USD",267_Proxima LTD_USD,95.0,income,8000.0,True
194,Best Company_USD,2023-03-03 00:25:00,102_Best Company_USD,Green Field,Proxima LTD,USD,84.0,"INVOICE: deposit, Proxima LTD to USD",279_Proxima LTD_USD,103.0,income,5600.0,True
195,Best Company_USD,2023-03-04 06:37:00,106_Best Company_USD,Green Field,Proxima LTD,USD,84.0,"INVOICE: deposit, Proxima LTD to USD",286_Proxima LTD_USD,107.0,income,5600.0,True
196,Best Company_USD,2023-03-09 03:03:00,114_Best Company_USD,Green Field,Proxima LTD,USD,54.0,"INVOICE: deposit, Proxima LTD to USD",311_Proxima LTD_USD,115.0,income,3600.0,True
197,Best Company_USD,2023-03-26 12:57:00,134_Best Company_USD,Green Field,Proxima LTD,USD,81.0,"INVOICE: deposit, Proxima LTD to USD",381_Proxima LTD_USD,135.0,income,5400.0,True
198,Best Company_USD,2023-03-29 10:17:00,138_Best Company_USD,Green Field,Proxima LTD,USD,96.0,"INVOICE: deposit, Proxima LTD to USD",397_Proxima LTD_USD,139.0,income,6400.0,True
199,Best Company_EUR,2023-01-04 05:33:00,8_Best Company_EUR,Gold Fix,Super Trader,EUR,67.2,"INVOICE: deposit, Super Trader to EUR",13_Super Trader_EUR,9.0,income,4800.0,True
200,Best Company_EUR,2023-01-06 19:40:00,14_Best Company_EUR,Gold Fix,Super Trader,EUR,58.800000000000004,"INVOICE: deposit, Super Trader to EUR",27_Super Trader_EUR,15.0,income,4200.0,True
201,Best Company_EUR,2023-01-10 03:09:00,20_Best Company_EUR,Gold Fix,Super Trader,EUR,100.8,"INVOICE: deposit, Super Trader to EUR",34_Super Trader_EUR,21.0,income,7200.0,True
202,Best Company_EUR,2023-01-21 21:58:00,40_Best Company_EUR,Gold Fix,Super Trader,EUR,58.800000000000004,"INVOICE: deposit, Super Trader to EUR",88_Super Trader_EUR,41.0,income,4200.0,True
203,Best Company_EUR,2023-01-25 11:46:00,46_Best Company_EUR,Gold Fix,Super Trader,EUR,78.4,"INVOICE: deposit, Super Trader to EUR",105_Super Trader_EUR,47.0,income,5600.0,True
204,Best Company_EUR,2023-01-29 13:46:00,54_Best Company_EUR,Gold Fix,Super Trader,EUR,112.0,"INVOICE: deposit, Super Trader to EUR",121_Super Trader_EUR,55.0,income,8000.0,True
205,Best Company_EUR,2023-02-09 05:37:00,64_Best Company_EUR,Gold Fix,Super Trader,EUR,67.2,"INVOICE: deposit, Super Trader to EUR",164_Super Trader_EUR,65.0,income,4800.0,True
206,Best Company_EUR,2023-02-10 11:41:00,66_Best Company_EUR,Gold Fix,Super Trader,EUR,75.60000000000001,"INVOICE: deposit, Super Trader to EUR",171_Super Trader_EUR,67.0,income,5400.0,True
207,Best Company_EUR,2023-02-13 23:19:00,76_Best Company_EUR,Gold Fix,Super Trader,EUR,58.800000000000004,"INVOICE: deposit, Super Trader to EUR",187_Super Trader_EUR,77.0,income,4200.0,True
208,Best Company_EUR,2023-02-17 03:04:00,80_Best Company_EUR,Gold Fix,Super Trader,EUR,68.60000000000001,"INVOICE: deposit, Super Trader to EUR",202_Super Trader_EUR,81.0,income,4900.0,True
209,Best Company_EUR,2023-02-18 19:41:00,82_Best Company_EUR,Gold Fix,Super Trader,EUR,89.60000000000001,"INVOICE: deposit, Super Trader to EUR",210_Super Trader_EUR,83.0,income,6400.0,True
210,Best Company_EUR,2023-02-20 12:04:00,84_Best Company_EUR,Gold Fix,Super Trader,EUR,75.60000000000001,"INVOICE: deposit, Super Trader to EUR",219_Super Trader_EUR,85.0,income,5400.0,True
211,Best Company_EUR,2023-02-22 09:27:00,86_Best Company_EUR,Gold Fix,Super Trader,EUR,58.800000000000004,"INVOICE: deposit, Super Trader to EUR",228_Super Trader_EUR,87.0,income,4200.0,True
212,Best Company_EUR,2023-02-23 09:58:00,90_Best Company_EUR,Gold Fix,Super Trader,EUR,67.2,"INVOICE: deposit, Super Trader to EUR",234_Super Trader_EUR,91.0,income,4800.0,True
213,Best Company_EUR,2023-02-25 01:04:00,96_Best Company_EUR,Gold Fix,Super Trader,EUR,67.2,"INVOICE: deposit, Super Trader to EUR",241_Super Trader_EUR,97.0,income,4800.0,True
214,Best Company_EUR,2023-02-26 19:03:00,98_Best Company_EUR,Gold Fix,Super Trader,EUR,78.4,"INVOICE: deposit, Super Trader to EUR",249_Super Trader_EUR,99.0,income,5600.0,True
215,Best Company_EUR,2023-03-01 04:11:00,102_Best Company_EUR,Gold Fix,Super Trader,EUR,56.0,"INVOICE: deposit, Super Trader to EUR",265_Super Trader_EUR,103.0,income,4000.0,True
216,Best Company_EUR,2023-03-02 22:30:00,108_Best Company_EUR,Gold Fix,Super Trader,EUR,112.0,"INVOICE: deposit, Super Trader to EUR",272_Super Trader_EUR,109.0,income,8000.0,True
217,Best Company_EUR,2023-03-06 01:36:00,112_Best Company_EUR,Gold Fix,Super Trader,EUR,112.0,"INVOICE: deposit, Super Trader to EUR",283_Super Trader_EUR,113.0,income,8000.0,True
218,Best Company_EUR,2023-03-10 13:35:00,122_Best Company_EUR,Gold Fix,Super Trader,EUR,100.8,"INVOICE: deposit, Super Trader to EUR",300_Super Trader_EUR,123.0,income,7200.0,True
219,Best Company_EUR,2023-03-13 20:58:00,128_Best Company_EUR,Gold Fix,Super Trader,EUR,42.0,"INVOICE: deposit, Super Trader to EUR",316_Super Trader_EUR,129.0,income,3000.0,True
220,Best Company_EUR,2023-03-19 00:39:00,134_Best Company_EUR,Gold Fix,Super Trader,EUR,67.2,"INVOICE: deposit, Super Trader to EUR",340_Super Trader_EUR,135.0,income,4800.0,True
221,Best Company_EUR,2023-03-20 18:07:00,140_Best Company_EUR,Gold Fix,Super Trader,EUR,67.2,"INVOICE: deposit, Super Trader to EUR",348_Super Trader_EUR,141.0,income,4800.0,True
222,Best Company_EUR,2023-03-22 04:13:00,144_Best Company_EUR,Gold Fix,Super Trader,EUR,112.0,"INVOICE: deposit, Super Trader to EUR",355_Super Trader_EUR,145.0,income,8000.0,True
223,Best Company_EUR,2023-03-24 03:19:00,150_Best Company_EUR,Gold Fix,Super Trader,EUR,88.2,"INVOICE: deposit, Super Trader to EUR",367_Super Trader_EUR,151.0,income,6300.0,True
224,Best Company_EUR,2023-03-25 19:49:00,154_Best Company_EUR,Gold Fix,Super Trader,EUR,75.60000000000001,"INVOICE: deposit, Super Trader to EUR",377_Super Trader_EUR,155.0,income,5400.0,True
225,Best Company_EUR,2023-03-29 20:12:00,160_Best Company_EUR,Gold Fix,Super Trader,EUR,89.60000000000001,"INVOICE: deposit, Super Trader to EUR",393_Super Trader_EUR,161.0,income,6400.0,True
226,Best Company_USD,2023-01-05 03:56:00,6_Best Company_USD,Gold Fix,Super Trader,USD,100.8,"INVOICE: deposit, Super Trader to USD",16_Super Trader_USD,7.0,income,6300.0,True
227,Best Company_USD,2023-01-07 07:05:00,8_Best Company_USD,Gold Fix,Super Trader,USD,76.8,"INVOICE: deposit, Super Trader to USD",25_Super Trader_USD,9.0,income,4800.0,True
228,Best Company_USD,2023-01-12 06:05:00,14_Best Company_USD,Gold Fix,Super Trader,USD,115.2,"INVOICE: deposit, Super Trader to USD",51_Super Trader_USD,15.0,income,7200.0,True
229,Best Company_USD,2023-01-14 16:33:00,22_Best Company_USD,Gold Fix,Super Trader,USD,57.6,"INVOICE: deposit, Super Trader to USD",62_Super Trader_USD,23.0,income,3600.0,True
230,Best Company_USD,2023-01-19 12:34:00,26_Best Company_USD,Gold Fix,Super Trader,USD,89.60000000000001,"INVOICE: deposit, Super Trader to USD",82_Super Trader_USD,27.0,income,5600.0,True
231,Best Company_USD,2023-01-21 23:49:00,30_Best Company_USD,Gold Fix,Super Trader,USD,112.0,"INVOICE: deposit, Super Trader to USD",91_Super Trader_USD,31.0,income,7000.0,True
232,Best Company_USD,2023-01-23 15:48:00,36_Best Company_USD,Gold Fix,Super Trader,USD,100.8,"INVOICE: deposit, Super Trader to USD",101_Super Trader_USD,37.0,income,6300.0,True
233,Best Company_USD,2023-01-27 11:20:00,40_Best Company_USD,Gold Fix,Super Trader,USD,86.4,"INVOICE: deposit, Super Trader to USD",120_Super Trader_USD,41.0,income,5400.0,True
234,Best Company_USD,2023-01-28 18:28:00,46_Best Company_USD,Gold Fix,Super Trader,USD,96.0,"INVOICE: deposit, Super Trader to USD",128_Super Trader_USD,47.0,income,6000.0,True
235,Best Company_USD,2023-01-31 03:11:00,50_Best Company_USD,Gold Fix,Super Trader,USD,64.0,"INVOICE: deposit, Super Trader to USD",137_Super Trader_USD,51.0,income,4000.0,True
236,Best Company_USD,2023-02-03 14:31:00,60_Best Company_USD,Gold Fix,Super Trader,USD,78.4,"INVOICE: deposit, Super Trader to USD",156_Super Trader_USD,61.0,income,4900.0,True
237,Best Company_USD,2023-02-05 03:15:00,64_Best Company_USD,Gold Fix,Super Trader,USD,76.8,"INVOICE: deposit, Super Trader to USD",163_Super Trader_USD,65.0,income,4800.0,True
238,Best Company_USD,2023-02-06 08:58:00,68_Best Company_USD,Gold Fix,Super Trader,USD,128.0,"INVOICE: deposit, Super Trader to USD",169_Super Trader_USD,69.0,income,8000.0,True
239,Best Company_USD,2023-02-08 16:50:00,74_Best Company_USD,Gold Fix,Super Trader,USD,76.8,"INVOICE: deposit, Super Trader to USD",180_Super Trader_USD,75.0,income,4800.0,True
240,Best Company_USD,2023-02-11 10:10:00,76_Best Company_USD,Gold Fix,Super Trader,USD,86.4,"INVOICE: deposit, Super Trader to USD",188_Super Trader_USD,77.0,income,5400.0,True
241,Best Company_USD,2023-02-12 11:22:00,78_Best Company_USD,Gold Fix,Super Trader,USD,100.8,"INVOICE: deposit, Super Trader to USD",196_Super Trader_USD,79.0,income,6300.0,True
242,Best Company_USD,2023-02-15 23:23:00,80_Best Company_USD,Gold Fix,Super Trader,USD,112.0,"INVOICE: deposit, Super Trader to USD",213_Super Trader_USD,81.0,income,7000.0,True
243,Best Company_USD,2023-02-20 14:59:00,88_Best Company_USD,Gold Fix,Super Trader,USD,128.0,"INVOICE: deposit, Super Trader to USD",232_Super Trader_USD,89.0,income,8000.0,True
244,Best Company_USD,2023-02-23 06:55:00,94_Best Company_USD,Gold Fix,Super Trader,USD,78.4,"INVOICE: deposit, Super Trader to USD",244_Super Trader_USD,95.0,income,4900.0,True
245,Best Company_USD,2023-02-26 11:20:00,98_Best Company_USD,Gold Fix,Super Trader,USD,96.0,"INVOICE: deposit, Super Trader to USD",258_Super Trader_USD,99.0,income,6000.0,True
246,Best Company_USD,2023-03-03 17:33:00,100_Best Company_USD,Gold Fix,Super Trader,USD,56.0,"INVOICE: deposit, Super Trader to USD",283_Super Trader_USD,101.0,income,3500.0,True
247,Best Company_USD,2023-03-04 16:14:00,102_Best Company_USD,Gold Fix,Super Trader,USD,100.8,"INVOICE: deposit, Super Trader to USD",289_Super Trader_USD,103.0,income,6300.0,True
248,Best Company_USD,2023-03-10 17:29:00,112_Best Company_USD,Gold Fix,Super Trader,USD,102.4,"INVOICE: deposit, Super Trader to USD",323_Super Trader_USD,113.0,income,6400.0,True
249,Best Company_USD,2023-03-12 15:41:00,116_Best Company_USD,Gold Fix,Super Trader,USD,48.0,"INVOICE: deposit, Super Trader to USD",332_Super Trader_USD,117.0,income,3000.0,True
250,Best Company_USD,2023-03-19 03:32:00,128_Best Company_USD,Gold Fix,Super Trader,USD,67.2,"INVOICE: deposit, Super Trader to USD",360_Super Trader_USD,129.0,income,4200.0,True
251,Best Company_USD,2023-03-21 15:54:00,134_Best Company_USD,Gold Fix,Super Trader,USD,57.6,"INVOICE: deposit, Super Trader to USD",372_Super Trader_USD,135.0,income,3600.0,True
252,Best Company_USD,2023-03-23 15:20:00,138_Best Company_USD,Gold Fix,Super Trader,USD,96.0,"INVOICE: deposit, Super Trader to USD",378_Super Trader_USD,139.0,income,6000.0,True
253,Best Company_USD,2023-03-25 23:55:00,142_Best Company_USD,Gold Fix,Super Trader,USD,100.8,"INVOICE: deposit, Super Trader to USD",386_Super Trader_USD,143.0,income,6300.0,True
254,Best Company_USD,2023-03-28 02:35:00,144_Best Company_USD,Gold Fix,Super Trader,USD,67.2,"INVOICE: deposit, Super Trader to USD",396_Super Trader_USD,145.0,income,4200.0,True
255,Best Company_USD,2023-03-31 10:43:00,156_Best Company_USD,Gold Fix,Super Trader,USD,112.0,"INVOICE: deposit, Super Trader to USD",414_Super Trader_USD,157.0,income,7000.0,True
256,Best Company_EUR,2023-01-02 06:19:00,2_Best Company_EUR,Green Field,Super Trader,EUR,104.0,"INVOICE: deposit, Super Trader to EUR",2_Super Trader_EUR,3.0,income,8000.0,True
257,Best Company_EUR,2023-01-05 15:16:00,6_Best Company_EUR,Green Field,Super Trader,EUR,54.599999999999994,"INVOICE: deposit, Super Trader to EUR",20_Super Trader_EUR,7.0,income,4200.0,True
258,Best Company_EUR,2023-01-12 00:01:00,16_Best Company_EUR,Green Field,Super Trader,EUR,93.6,"INVOICE: deposit, Super Trader to EUR",44_Super Trader_EUR,17.0,income,7200.0,True
259,Best Company_EUR,2023-01-14 23:56:00,20_Best Company_EUR,Green Field,Super Trader,EUR,91.0,"INVOICE: deposit, Super Trader to EUR",56_Super Trader_EUR,21.0,income,7000.0,True
260,Best Company_EUR,2023-01-16 14:13:00,22_Best Company_EUR,Green Field,Super Trader,EUR,62.4,"INVOICE: deposit, Super Trader to EUR",66_Super Trader_EUR,23.0,income,4800.0,True
261,Best Company_EUR,2023-01-18 11:41:00,26_Best Company_EUR,Green Field,Super Trader,EUR,52.0,"INVOICE: deposit, Super Trader to EUR",73_Super Trader_EUR,27.0,income,4000.0,True
262,Best Company_EUR,2023-01-20 22:03:00,32_Best Company_EUR,Green Field,Super Trader,EUR,72.8,"INVOICE: deposit, Super Trader to EUR",81_Super Trader_EUR,33.0,income,5600.0,True
263,Best Company_EUR,2023-01-24 00:35:00,36_Best Company_EUR,Green Field,Super Trader,EUR,78.0,"INVOICE: deposit, Super Trader to EUR",96_Super Trader_EUR,37.0,income,6000.0,True
264,Best Company_EUR,2023-01-27 19:16:00,42_Best Company_EUR,Green Field,Super Trader,EUR,63.699999999999996,"INVOICE: deposit, Super Trader to EUR",114_Super Trader_EUR,43.0,income,4900.0,True
265,Best Company_EUR,2023-02-01 02:23:00,48_Best Company_EUR,Green Field,Super Trader,EUR,104.0,"INVOICE: deposit, Super Trader to EUR",131_Super Trader_EUR,49.0,income,8000.0,True
266,Best Company_EUR,2023-02-04 04:16:00,54_Best Company_EUR,Green Field,Super Trader,EUR,54.599999999999994,"INVOICE: deposit, Super Trader to EUR",142_Super Trader_EUR,55.0,income,4200.0,True
267,Best Company_EUR,2023-02-05 09:06:00,58_Best Company_EUR,Green Field,Super Trader,EUR,46.8,"INVOICE: deposit, Super Trader to EUR",149_Super Trader_EUR,59.0,income,3600.0,True
268,Best Company_EUR,2023-02-07 18:26:00,62_Best Company_EUR,Green Field,Super Trader,EUR,81.89999999999999,"INVOICE: deposit, Super Trader to EUR",155_Super Trader_EUR,63.0,income,6300.0,True
269,Best Company_EUR,2023-02-12 09:26:00,68_Best Company_EUR,Green Field,Super Trader,EUR,62.4,"INVOICE: deposit, Super Trader to EUR",179_Super Trader_EUR,69.0,income,4800.0,True
270,Best Company_EUR,2023-02-15 13:29:00,72_Best Company_EUR,Green Field,Super Trader,EUR,78.0,"INVOICE: deposit, Super Trader to EUR",193_Super Trader_EUR,73.0,income,6000.0,True
271,Best Company_EUR,2023-02-28 00:28:00,90_Best Company_EUR,Green Field,Super Trader,EUR,81.89999999999999,"INVOICE: deposit, Super Trader to EUR",256_Super Trader_EUR,91.0,income,6300.0,True
272,Best Company_EUR,2023-03-08 11:52:00,102_Best Company_EUR,Green Field,Super Trader,EUR,45.5,"INVOICE: deposit, Super Trader to EUR",294_Super Trader_EUR,103.0,income,3500.0,True
273,Best Company_EUR,2023-03-13 07:53:00,112_Best Company_EUR,Green Field,Super Trader,EUR,39.0,"INVOICE: deposit, Super Trader to EUR",310_Super Trader_EUR,113.0,income,3000.0,True
274,Best Company_EUR,2023-03-15 07:28:00,116_Best Company_EUR,Green Field,Super Trader,EUR,70.2,"INVOICE: deposit, Super Trader to EUR",321_Super Trader_EUR,117.0,income,5400.0,True
275,Best Company_EUR,2023-03-17 10:31:00,122_Best Company_EUR,Green Field,Super Trader,EUR,104.0,"INVOICE: deposit, Super Trader to EUR",329_Super Trader_EUR,123.0,income,8000.0,True
276,Best Company_EUR,2023-03-27 22:30:00,132_Best Company_EUR,Green Field,Super Trader,EUR,72.8,"INVOICE: deposit, Super Trader to EUR",385_Super Trader_EUR,133.0,income,5600.0,True
277,Best Company_USD,2023-01-02 00:09:00,2_Best Company_USD,Green Field,Super Trader,USD,96.0,"INVOICE: deposit, Super Trader to USD",2_Super Trader_USD,3.0,income,6400.0,True
278,Best Company_USD,2023-01-03 22:22:00,6_Best Company_USD,Green Field,Super Trader,USD,52.5,"INVOICE: deposit, Super Trader to USD",10_Super Trader_USD,7.0,income,3500.0,True
279,Best Company_USD,2023-01-08 08:35:00,14_Best Company_USD,Green Field,Super Trader,USD,108.0,"INVOICE: deposit, Super Trader to USD",32_Super Trader_USD,15.0,income,7200.0,True
280,Best Company_USD,2023-01-09 21:09:00,16_Best Company_USD,Green Field,Super Trader,USD,81.0,"INVOICE: deposit, Super Trader to USD",42_Super Trader_USD,17.0,income,5400.0,True
281,Best Company_USD,2023-01-15 18:51:00,24_Best Company_USD,Green Field,Super Trader,USD,52.5,"INVOICE: deposit, Super Trader to USD",68_Super Trader_USD,25.0,income,3500.0,True
282,Best Company_USD,2023-01-17 03:13:00,30_Best Company_USD,Green Field,Super Trader,USD,81.0,"INVOICE: deposit, Super Trader to USD",74_Super Trader_USD,31.0,income,5400.0,True
283,Best Company_USD,2023-01-26 09:32:00,38_Best Company_USD,Green Field,Super Trader,USD,94.5,"INVOICE: deposit, Super Trader to USD",111_Super Trader_USD,39.0,income,6300.0,True
284,Best Company_USD,2023-02-01 09:36:00,48_Best Company_USD,Green Field,Super Trader,USD,120.0,"INVOICE: deposit, Super Trader to USD",145_Super Trader_USD,49.0,income,8000.0,True
285,Best Company_USD,2023-02-14 01:14:00,68_Best Company_USD,Green Field,Super Trader,USD,72.0,"INVOICE: deposit, Super Trader to USD",204_Super Trader_USD,69.0,income,4800.0,True
286,Best Company_USD,2023-02-18 06:54:00,78_Best Company_USD,Green Field,Super Trader,USD,105.0,"INVOICE: deposit, Super Trader to USD",223_Super Trader_USD,79.0,income,7000.0,True
287,Best Company_USD,2023-02-25 05:13:00,88_Best Company_USD,Green Field,Super Trader,USD,52.5,"INVOICE: deposit, Super Trader to USD",253_Super Trader_USD,89.0,income,3500.0,True
288,Best Company_USD,2023-03-01 10:15:00,96_Best Company_USD,Green Field,Super Trader,USD,54.0,"INVOICE: deposit, Super Trader to USD",268_Super Trader_USD,97.0,income,3600.0,True
289,Best Company_USD,2023-03-02 03:38:00,100_Best Company_USD,Green Field,Super Trader,USD,90.0,"INVOICE: deposit, Super Trader to USD",274_Super Trader_USD,101.0,income,6000.0,True
290,Best Company_USD,2023-03-06 17:08:00,110_Best Company_USD,Green Field,Super Trader,USD,84.0,"INVOICE: deposit, Super Trader to USD",299_Super Trader_USD,111.0,income,5600.0,True
291,Best Company_USD,2023-03-07 19:38:00,112_Best Company_USD,Green Field,Super Trader,USD,84.0,"INVOICE: deposit, Super Trader to USD",306_Super Trader_USD,113.0,income,5600.0,True
292,Best Company_USD,2023-03-09 20:49:00,116_Best Company_USD,Green Field,Super Trader,USD,63.0,"INVOICE: deposit, Super Trader to USD",316_Super Trader_USD,117.0,income,4200.0,True
293,Best Company_USD,2023-03-14 05:42:00,118_Best Company_USD,Green Field,Super Trader,USD,72.0,"INVOICE: deposit, Super Trader to USD",338_Super Trader_USD,119.0,income,4800.0,True
294,Best Company_USD,2023-03-14 22:17:00,120_Best Company_USD,Green Field,Super Trader,USD,96.0,"INVOICE: deposit, Super Trader to USD",344_Super Trader_USD,121.0,income,6400.0,True
295,Best Company_USD,2023-03-16 18:13:00,124_Best Company_USD,Green Field,Super Trader,USD,45.0,"INVOICE: deposit, Super Trader to USD",354_Super Trader_USD,125.0,income,3000.0,True
296,Best Company_USD,2023-03-20 06:18:00,128_Best Company_USD,Green Field,Super Trader,USD,54.0,"INVOICE: deposit, Super Trader to USD",366_Super Trader_USD,129.0,income,3600.0,True
297,Best Company_USD,2023-03-29 04:29:00,136_Best Company_USD,Green Field,Super Trader,USD,120.0,"INVOICE: deposit, Super Trader to USD",402_Super Trader_USD,137.0,income,8000.0,True
